bzip2,bzip2-1.0.8/blocksort.c,286,branch_num,4,2
bzip2,bzip2-1.0.8/blocksort.c,649,branch_num,4,2
bzip2,bzip2-1.0.8/bzip2.c,1145,branch_num,4,2
bzip2,bzip2-1.0.8/bzip2.c,1211,branch_num,6,4
bzip2,bzip2-1.0.8/bzip2.c,1329,branch_num,4,2
bzip2,bzip2-1.0.8/bzip2.c,1397,branch_num,6,4
bzip2,bzip2-1.0.8/bzip2.c,1524,branch_num,4,2
bzip2,bzip2-1.0.8/bzlib.c,1100,branch_num,4,2
bzip2,bzip2-1.0.8/bzlib.c,1101,branch_val,"[0, 0, 1, 3]","[0, 1, 1, 2]"
bzip2,bzip2-1.0.8/bzlib.c,1104,branch_num,4,6
bzip2,bzip2-1.0.8/bzlib.c,1259,branch_num,6,4
bzip2,bzip2-1.0.8/bzlib.c,1263,branch_num,2,4
bzip2,bzip2-1.0.8/bzlib.c,1310,branch_num,6,4
bzip2,bzip2-1.0.8/bzlib.c,1313,branch_num,2,4
bzip2,bzip2-1.0.8/bzlib.c,159,branch_num,4,2
bzip2,bzip2-1.0.8/bzlib.c,161,branch_num,2,4
bzip2,bzip2-1.0.8/bzlib.c,373,branch_num,4,2
bzip2,bzip2-1.0.8/bzlib.c,378,branch_num,4,2
bzip2,bzip2-1.0.8/bzlib.c,417,branch_num,5,2
bzip2,bzip2-1.0.8/bzlib.c,928,branch_num,4,2
bzip2,bzip2-1.0.8/bzlib.c,931,branch_num,2,4
distro-info,distro-info-1.5+deb12u1/distro-info-util.c,107,branch_num,4,8
distro-info,distro-info-1.5+deb12u1/distro-info-util.c,108,branch_num,12,4
distro-info,distro-info-1.5+deb12u1/distro-info-util.c,110,branch_num,8,4
distro-info,distro-info-1.5+deb12u1/distro-info-util.c,117,branch_num,4,8
distro-info,distro-info-1.5+deb12u1/distro-info-util.c,174,branch_num,12,8
distro-info,distro-info-1.5+deb12u1/distro-info-util.c,180,branch_num,8,4
distro-info,distro-info-1.5+deb12u1/distro-info-util.c,186,branch_num,12,4
distro-info,distro-info-1.5+deb12u1/distro-info-util.c,191,branch_num,6,4
distro-info,distro-info-1.5+deb12u1/distro-info-util.c,194,branch_num,4,2
distro-info,distro-info-1.5+deb12u1/distro-info-util.c,195,branch_num,4,2
distro-info,distro-info-1.5+deb12u1/distro-info-util.c,203,branch_num,4,2
distro-info,distro-info-1.5+deb12u1/distro-info-util.c,209,branch_num,4,2
distro-info,distro-info-1.5+deb12u1/distro-info-util.c,219,branch_num,4,2
distro-info,distro-info-1.5+deb12u1/distro-info-util.c,220,branch_num,4,2
distro-info,distro-info-1.5+deb12u1/distro-info-util.c,312,branch_num,8,16
distro-info,distro-info-1.5+deb12u1/distro-info-util.c,57,branch_num,4,8
distro-info,distro-info-1.5+deb12u1/ubuntu-distro-info.c,33,branch_val,"[216, 444]","[660, 2178]"
distro-info,distro-info-1.5+deb12u1/ubuntu-distro-info.c,34,branch_val,"[21, 195, 660, 2178]","[21, 195, 216, 444]"
ifupdown,ifupdown-0.8.41/archcommon.c,179,branch_num,3,2
ifupdown,ifupdown-0.8.41/execute.c,63,branch_val,"[295, 15635]","[295, 15930]"
ifupdown,ifupdown-0.8.41/execute.c,64,branch_val,"[0, 15635]","[0, 15930]"
ifupdown,ifupdown-0.8.41/execute.c,79,branch_val,"[295, 15635]","[295, 15930]"
ifupdown,ifupdown-0.8.41/execute.c,80,branch_val,"[0, 15635]","[0, 15930]"
ifupdown,ifupdown-0.8.41/inet6.c,183,branch_num,4,2
ifupdown,ifupdown-0.8.41/inet.c,92,branch_num,4,2
ifupdown,ifupdown-0.8.41/link.c,43,branch_num,4,2
ifupdown,ifupdown-0.8.41/main.c,1489,branch_val,"[6, 26]","[12, 26]"
ifupdown,ifupdown-0.8.41/main.c,1492,branch_val,"[32, 95]","[38, 95]"
ifupdown,ifupdown-0.8.41/main.c,1495,branch_val,"[6, 26]","[12, 26]"
lsof,lsof-4.95.0/arg.c,1489,branch_num,3,2
lsof,lsof-4.95.0/arg.c,1603,branch_num,8,2
lsof,lsof-4.95.0/dfile.c,150,branch_num,4,2
lsof,lsof-4.95.0/dfile.c,337,branch_num,4,2
lsof,lsof-4.95.0/dnode.c,803,branch_num,6,2
lsof,lsof-4.95.0/dnode.c,969,branch_num,6,2
lsof,lsof-4.95.0/dproc.c,1164,branch_num,4,2
lsof,lsof-4.95.0/dproc.c,1910,branch_num,2,4
lsof,lsof-4.95.0/dproc.c,1912,branch_num,4,2
lsof,lsof-4.95.0/dproc.c,433,branch_num,8,10
lsof,lsof-4.95.0/dproc.c,547,branch_num,5,2
lsof,lsof-4.95.0/dsock.c,1175,branch_num,6,2
lsof,lsof-4.95.0/dsock.c,1220,branch_num,6,2
lsof,lsof-4.95.0/dsock.c,1221,branch_num,3,2
lsof,lsof-4.95.0/dsock.c,1315,branch_num,3,2
lsof,lsof-4.95.0/dsock.c,1582,branch_num,3,2
lsof,lsof-4.95.0/dsock.c,1681,branch_num,10,2
lsof,lsof-4.95.0/dsock.c,1682,branch_num,10,2
lsof,lsof-4.95.0/dsock.c,1728,branch_num,3,2
lsof,lsof-4.95.0/dsock.c,2498,branch_num,3,2
lsof,lsof-4.95.0/dsock.c,2903,branch_num,4,2
lsof,lsof-4.95.0/dsock.c,3284,branch_num,4,2
lsof,lsof-4.95.0/dsock.c,4587,branch_num,2,6
lsof,lsof-4.95.0/dsock.c,4734,branch_num,12,4
lsof,lsof-4.95.0/dsock.c,4738,branch_num,12,4
lsof,lsof-4.95.0/dsock.c,4742,branch_num,10,4
lsof,lsof-4.95.0/dsock.c,4743,branch_num,10,4
lsof,lsof-4.95.0/dsock.c,5149,branch_num,23,2
lsof,lsof-4.95.0/main.c,1179,branch_val,"[0,0,0,0,0,70]","[0,0,0,0,0,72]"
lsof,lsof-4.95.0/main.c,1191,branch_val,"[0,0,8,8,62,62]","[0,0,8,8,62,64]"
lsof,lsof-4.95.0/main.c,1195,branch_val,"[0,70]","[0,72]"
lsof,lsof-4.95.0/main.c,1199,branch_val,"[12,58]","[12,60]"
lsof,lsof-4.95.0/main.c,1201,branch_val,"[0,70]","[0,72]"
lsof,lsof-4.95.0/main.c,1203,branch_val,"[2,68]","[2,70]"
lsof,lsof-4.95.0/main.c,1205,branch_val,"[1,69]","[1,71]"
lsof,lsof-4.95.0/main.c,1207,branch_val,"[0,0,0,70]","[0,0,0,72]"
lsof,lsof-4.95.0/main.c,1209,branch_val,"[0,35,35,35]","[0,35,35,37]"
lsof,lsof-4.95.0/main.c,1211,branch_val,"[0,0,0,70]","[0,0,0,72]"
lsof,lsof-4.95.0/main.c,1213,branch_val,"[3,67]","[3,69]"
lsof,lsof-4.95.0/main.c,1221,branch_val,"[25,45]","[25,47]"
lsof,lsof-4.95.0/main.c,1223,branch_val,"[0,70]","[0,72]"
lsof,lsof-4.95.0/main.c,1231,branch_val,"[3,25,42,45]","[3,27,42,45]"
lsof,lsof-4.95.0/main.c,1239,branch_val,"[0,70]","[0,72]"
lsof,lsof-4.95.0/main.c,1264,branch_val,"[25,45]","[25,47]"
lsof,lsof-4.95.0/main.c,1272,branch_val,"[21,46]","[21,48]"
lsof,lsof-4.95.0/main.c,1312,branch_val,"[0,67]","[0,69]"
lsof,lsof-4.95.0/main.c,1321,branch_val,"[2,65]","[2,67]"
lsof,lsof-4.95.0/main.c,1332,branch_val,"[11,60]","[13,60]"
lsof,lsof-4.95.0/main.c,1352,branch_val,"[0,71]","[2,71]"
lsof,lsof-4.95.0/main.c,1513,branch_val,"[6,65]","[6,67]"
lsof,lsof-4.95.0/main.c,1583,branch_val,"[2,4,6,65]","[2,4,6,67]"
lsof,lsof-4.95.0/main.c,1585,branch_val,"[4,67]","[4,69]"
lsof,lsof-4.95.0/main.c,1592,branch_val,"[8,67]","[8,69]"
lsof,lsof-4.95.0/main.c,1605,branch_val,"[0,67]","[0,69]"
lsof,lsof-4.95.0/main.c,1618,branch_val,"[21,67]","[21,69]"
lsof,lsof-4.95.0/main.c,1659,branch_val,"[3,64]","[3,66]"
lsof,lsof-4.95.0/main.c,1701,branch_val,"[0,0,0,67]","[0,0,0,69]"
lsof,lsof-4.95.0/main.c,1712,branch_val,"[0,67]","[0,69]"
lsof,lsof-4.95.0/main.c,1726,branch_val,"[0,67]","[0,69]"
lsof,lsof-4.95.0/main.c,1742,branch_val,"[0,2,2,65]","[0,2,2,67]"
lsof,lsof-4.95.0/main.c,1751,branch_val,"[35,67]","[35,69]"
lsof,lsof-4.95.0/main.c,1765,branch_val,"[0,0,0,67]","[0,0,0,69]"
lsof,lsof-4.95.0/main.c,1797,branch_val,"[0,67]","[0,69]"
lsof,lsof-4.95.0/main.c,1814,branch_val,"[0,67]","[0,69]"
lsof,lsof-4.95.0/main.c,1826,branch_val,"[0,67]","[0,69]"
lsof,lsof-4.95.0/main.c,1844,branch_val,"[0,8,59,59]","[0,10,59,59]"
lsof,lsof-4.95.0/main.c,1846,branch_val,"[0,8,59,59]","[0,10,59,59]"
lsof,lsof-4.95.0/main.c,377,branch_num,2,4
lsof,lsof-4.95.0/node.c,53,branch_num,4,2
lsof,lsof-4.95.0/print.c,1184,branch_num,10,2
lsof,lsof-4.95.0/print.c,1226,branch_num,10,2
lsof,lsof-4.95.0/print.c,1227,branch_num,10,2
lsof,lsof-4.95.0/proc.c,1026,branch_num,3,2
lsof,lsof-4.95.0/proc.c,1131,branch_num,3,2
lsof,lsof-4.95.0/proc.c,1237,branch_num,3,2
lsof,lsof-4.95.0/proc.c,1697,branch_num,3,2
lsof,lsof-4.95.0/proc.c,263,branch_num,3,2
lsof,lsof-4.95.0/usage.c,946,branch_num,2,4
lzo2,lzo2-2.10/examples/portab.h,128,branch_num,2,12
lzo2,lzo2-2.10/examples/portab.h,133,branch_num,4,24
lzo2,lzo2-2.10/lzotest/lzotest.c,1044,branch_num,2,4
lzo2,lzo2-2.10/lzotest/lzotest.c,1045,branch_num,2,4
lzo2,lzo2-2.10/lzotest/lzotest.c,1094,branch_num,4,2
lzo2,lzo2-2.10/lzotest/lzotest.c,1901,branch_val,"[1, 49]","[1, 51]"
lzo2,lzo2-2.10/lzotest/lzotest.c,1902,branch_val,"[0, 0, 6, 6, 43, 43]","[0, 0, 6, 6, 45, 45]"
lzo2,lzo2-2.10/lzotest/lzotest.c,1970,branch_num,2,4
lzo2,lzo2-2.10/lzotest/lzotest.c,2017,branch_num,2,4
lzo2,lzo2-2.10/lzotest/lzotest.c,2038,branch_num,10,2
lzo2,lzo2-2.10/lzotest/lzotest.c,2041,branch_num,10,2
lzo2,lzo2-2.10/lzotest/lzotest.c,615,branch_num,2,4
lzo2,lzo2-2.10/lzotest/lzotest.c,641,branch_num,2,4
lzo2,lzo2-2.10/minilzo/minilzo.c,4625,branch_num,6,4
lzo2,lzo2-2.10/minilzo/minilzo.c,4626,branch_num,2,4
lzo2,lzo2-2.10/src/lzo1b_9x.c,173,branch_num,4,2
lzo2,lzo2-2.10/src/lzo1b_9x.c,174,branch_num,2,4
lzo2,lzo2-2.10/src/lzo1c_9x.c,175,branch_num,4,2
lzo2,lzo2-2.10/src/lzo1c_9x.c,176,branch_num,2,4
lzo2,lzo2-2.10/src/lzo1f_9x.c,186,branch_num,4,2
lzo2,lzo2-2.10/src/lzo1f_9x.c,187,branch_num,2,4
lzo2,lzo2-2.10/src/lzo1f_9x.c,221,branch_num,4,2
lzo2,lzo2-2.10/src/lzo1f_9x.c,228,branch_num,4,2
lzo2,lzo2-2.10/src/lzo1x_9x.c,621,branch_num,18,12
lzo2,lzo2-2.10/src/lzo1x_9x.c,623,branch_num,6,12
lzo2,lzo2-2.10/src/lzo_init.c,221,branch_num,6,4
lzo2,lzo2-2.10/src/lzo_init.c,222,branch_num,2,4
lzo2,lzo2-2.10/src/lzo_supp.h,3115,branch_num,5,2
lzo2,lzo2-2.10/src/lzo_swd.ch,399,branch_num,28,14
lzo2,lzo2-2.10/tests/align.c,58,branch_num,2,4
lzo2,lzo2-2.10/tests/align.c,59,branch_num,2,4
lzo2,lzo2-2.10/tests/align.c,60,branch_num,2,4
lzo2,lzo2-2.10/tests/align.c,85,branch_num,2,4
lzo2,lzo2-2.10/tests/align.c,86,branch_num,2,4
lzo2,lzo2-2.10/tests/align.c,87,branch_num,2,4
lzo2,lzo2-2.10/tests/align.c,88,branch_num,2,4
mawk,mawk-1.3.4.20200120/array.c,297,branch_num,2,4
mawk,mawk-1.3.4.20200120/array.c,318,branch_num,6,2
mawk,mawk-1.3.4.20200120/execute.c,1085,branch_val,"[0, 0]","[0, 25]"
mawk,mawk-1.3.4.20200120/execute.c,1090,branch_val,"[0, 0]","[0, 25]"
mawk,mawk-1.3.4.20200120/execute.c,1351,branch_val,"[704, 1401]","[392, 1009]"
mawk,mawk-1.3.4.20200120/fcall.c,116,branch_num,3,2
mawk,mawk-1.3.4.20200120/fcall.c,194,branch_num,4,2
mawk,mawk-1.3.4.20200120/fcall.c,202,branch_num,5,2
mawk,mawk-1.3.4.20200120/fcall.c,340,branch_num,6,4
mawk,mawk-1.3.4.20200120/fcall.c,341,branch_num,2,4
mawk,mawk-1.3.4.20200120/fcall.c,85,branch_num,3,2
mawk,mawk-1.3.4.20200120/field.c,312,branch_num,4,6
mawk,mawk-1.3.4.20200120/field.c,313,branch_num,8,6
mawk,mawk-1.3.4.20200120/field.c,662,branch_num,6,12
mawk,mawk-1.3.4.20200120/files.c,125,branch_num,5,2
mawk,mawk-1.3.4.20200120/files.c,226,branch_num,5,2
mawk,mawk-1.3.4.20200120/files.c,357,branch_val,"[50, 143]","[52, 143]"
mawk,mawk-1.3.4.20200120/fin.c,559,branch_num,4,2
mawk,mawk-1.3.4.20200120/hash.c,257,branch_num,3,2
mawk,mawk-1.3.4.20200120/init.c,348,branch_num,10,2
mawk,mawk-1.3.4.20200120/main.c,55,branch_val,"[0, 47]","[3, 47]"
mawk,mawk-1.3.4.20200120/main.c,63,branch_val,"[0, 47]","[3, 47]"
mawk,mawk-1.3.4.20200120/parse.c,2005,branch_val,"[0, 11]","[11, 3778]"
mawk,mawk-1.3.4.20200120/parse.c,2013,branch_val,"[0, 1]","[1, 3788]"
mawk,mawk-1.3.4.20200120/parse.c,2023,branch_val,"[0, 1]","[1, 3788]"
mawk,mawk-1.3.4.20200120/parse.c,2111,branch_val,"[1, 8]","[9, 3780]"
mawk,mawk-1.3.4.20200120/parse.c,2297,branch_val,"[0, 1]","[1, 3788]"
mawk,mawk-1.3.4.20200120/parse.c,2306,branch_val,"[0, 0]","[0, 3789]"
mawk,mawk-1.3.4.20200120/parse.c,2314,branch_val,"[0, 0]","[0, 3789]"
mawk,mawk-1.3.4.20200120/parse.c,2350,branch_val,"[0, 2]","[2, 3787]"
mawk,mawk-1.3.4.20200120/parse.c,2377,branch_val,"[0, 8]","[8, 3781]"
mawk,mawk-1.3.4.20200120/parse.c,2533,branch_val,"[2, 2]","[4, 3785]"
mawk,mawk-1.3.4.20200120/parse.c,2603,branch_val,"[0, 4]","[4, 3785]"
mawk,mawk-1.3.4.20200120/parse.c,2664,branch_val,"[0, 9]","[9, 3780]"
mawk,mawk-1.3.4.20200120/parse.c,2679,branch_val,"[0, 17]","[17, 3772]"
mawk,mawk-1.3.4.20200120/parse.c,2694,branch_val,"[0, 1]","[1, 3788]"
mawk,mawk-1.3.4.20200120/parse.c,2712,branch_val,"[0, 2]","[2, 3787]"
mawk,mawk-1.3.4.20200120/parse.c,2782,branch_val,"[0, 0]","[0, 3789]"
mawk,mawk-1.3.4.20200120/parse.c,2881,branch_val,"[0, 1]","[1, 3788]"
mawk,mawk-1.3.4.20200120/parse.c,2912,branch_val,"[2, 32]","[34, 3755]"
mawk,mawk-1.3.4.20200120/parse.c,3030,branch_val,"[0, 28]","[28, 3761]"
mawk,mawk-1.3.4.20200120/parse.c,3111,branch_val,"[0, 0]","[0, 3789]"
mawk,mawk-1.3.4.20200120/parse.c,3137,branch_val,"[0, 6]","[6, 3783]"
mawk,mawk-1.3.4.20200120/parse.c,3162,branch_val,"[0, 10]","[10, 3779]"
mawk,mawk-1.3.4.20200120/parse.c,3208,branch_val,"[5, 16]","[21, 3768]"
mawk,mawk-1.3.4.20200120/parse.c,3296,branch_num,4,6
mawk,mawk-1.3.4.20200120/parse.c,3310,branch_num,6,2
mawk,mawk-1.3.4.20200120/print.c,473,branch_num,4,6
mawk,mawk-1.3.4.20200120/print.c,474,branch_num,8,6
mawk,mawk-1.3.4.20200120/rexp0.c,121,branch_num,6,2
mawk,mawk-1.3.4.20200120/rexp0.c,466,branch_num,14,2
mawk,mawk-1.3.4.20200120/rexp0.c,626,branch_val,"[14, 32]","[14, 33]"
mawk,mawk-1.3.4.20200120/rexp0.c,634,branch_val,"[46, 207]","[47, 207]"
mawk,mawk-1.3.4.20200120/rexp0.c,690,branch_val,"[14, 32]","[14, 33]"
mawk,mawk-1.3.4.20200120/rexp.c,114,branch_val,"[1, 76]","[1, 75]"
mawk,mawk-1.3.4.20200120/rexpdb.c,65,branch_num,4,2
mawk,mawk-1.3.4.20200120/scan.c,1040,branch_num,10,2
mawk,mawk-1.3.4.20200120/scan.c,1066,branch_num,4,2
mawk,mawk-1.3.4.20200120/scan.c,209,branch_num,6,4
mawk,mawk-1.3.4.20200120/scan.c,228,branch_num,4,2
mawk,mawk-1.3.4.20200120/scan.c,258,branch_num,4,2
mawk,mawk-1.3.4.20200120/scan.c,298,branch_num,36,2
mawk,mawk-1.3.4.20200120/scan.c,315,branch_num,4,2
mawk,mawk-1.3.4.20200120/scan.c,393,branch_num,4,2
mawk,mawk-1.3.4.20200120/scan.c,439,branch_num,4,2
mawk,mawk-1.3.4.20200120/scan.c,452,branch_num,4,2
mawk,mawk-1.3.4.20200120/scan.c,469,branch_num,4,2
mawk,mawk-1.3.4.20200120/scan.c,484,branch_num,4,2
mawk,mawk-1.3.4.20200120/scan.c,501,branch_num,4,2
mawk,mawk-1.3.4.20200120/scan.c,570,branch_num,4,2
mawk,mawk-1.3.4.20200120/scan.c,620,branch_num,4,2
mawk,mawk-1.3.4.20200120/scan.c,682,branch_num,4,2
mawk,mawk-1.3.4.20200120/scan.c,726,branch_num,4,2
mawk,mawk-1.3.4.20200120/scan.c,734,branch_num,4,2
mawk,mawk-1.3.4.20200120/scan.c,748,branch_num,4,2
mawk,mawk-1.3.4.20200120/scan.c,758,branch_num,4,2
mawk,mawk-1.3.4.20200120/scan.c,774,branch_num,4,2
mawk,mawk-1.3.4.20200120/scan.c,98,branch_num,4,2
mawk,mawk-1.3.4.20200120/scan.c,994,branch_num,4,2
mawk,mawk-1.3.4.20200120/zmalloc.c,291,branch_num,4,2
procps,procps-4.0.2/library/diskstats.c,823,branch_num,2,4
procps,procps-4.0.2/library/diskstats.c,941,branch_num,2,4
procps,procps-4.0.2/library/diskstats.c,988,branch_num,2,4
procps,procps-4.0.2/library/meminfo.c,892,branch_num,2,4
procps,procps-4.0.2/library/meminfo.c,977,branch_num,2,4
procps,procps-4.0.2/library/pids.c,1617,branch_num,2,4
procps,procps-4.0.2/library/readproc.c,1129,branch_num,12,4
procps,procps-4.0.2/library/readproc.c,781,branch_num,4,2
procps,procps-4.0.2/library/readproc.c,783,branch_num,4,6
procps,procps-4.0.2/library/slabinfo.c,1000,branch_num,2,4
procps,procps-4.0.2/library/slabinfo.c,848,branch_num,2,4
procps,procps-4.0.2/library/slabinfo.c,954,branch_num,2,4
procps,procps-4.0.2/library/stat.c,1202,branch_num,2,4
procps,procps-4.0.2/library/stat.c,1350,branch_num,2,4
procps,procps-4.0.2/library/stat.c,1396,branch_num,2,4
procps,procps-4.0.2/library/tests/test_pids.c,59,branch_num,4,2
procps,procps-4.0.2/library/version.c,65,branch_num,4,2
procps,procps-4.0.2/library/version.c,66,branch_num,2,4
procps,procps-4.0.2/local/tests.h,17,branch_num,10,12
procps,procps-4.0.2/local/tests.h,20,branch_num,10,12
procps,procps-4.0.2/local/xalloc.h,26,branch_num,28,32
procps,procps-4.0.2/local/xalloc.h,35,branch_num,12,24
procps,procps-4.0.2/local/xalloc.h,52,branch_num,6,8
procps,procps-4.0.2/local/xalloc.h,55,branch_num,6,8
procps,procps-4.0.2/src/pgrep.c,1085,branch_num,4,2
procps,procps-4.0.2/src/pgrep.c,151,branch_num,4,2
procps,procps-4.0.2/src/pgrep.c,866,branch_num,32,2
procps,procps-4.0.2/src/pmap.c,243,branch_val,"[7,52]","[7,53]"
procps,procps-4.0.2/src/pmap.c,358,branch_num,2,4
procps,procps-4.0.2/src/pmap.c,364,branch_num,2,4
procps,procps-4.0.2/src/pmap.c,829,branch_num,4,2
procps,procps-4.0.2/src/ps/display.c,315,branch_num,4,2
procps,procps-4.0.2/src/ps/display.c,636,branch_val,"[154,294]","[14,448]"
procps,procps-4.0.2/src/ps/display.c,639,branch_val,"[14,448]","[14,434]"
procps,procps-4.0.2/src/ps/display.c,671,branch_val,"[0,0,11,11]","[0,3,11,11]"
procps,procps-4.0.2/src/ps/output.c,353,branch_num,6,2
procps,procps-4.0.2/src/ps/output.c,368,branch_num,6,2
procps,procps-4.0.2/src/ps/select.c,100,branch_num,4,2
procps,procps-4.0.2/src/ps/select.c,101,branch_num,4,2
procps,procps-4.0.2/src/ps/select.c,102,branch_num,4,2
procps,procps-4.0.2/src/ps/select.c,104,branch_num,4,2
procps,procps-4.0.2/src/ps/select.c,105,branch_num,4,2
procps,procps-4.0.2/src/ps/select.c,106,branch_num,4,2
procps,procps-4.0.2/src/ps/select.c,107,branch_num,4,2
procps,procps-4.0.2/src/ps/select.c,109,branch_num,4,2
procps,procps-4.0.2/src/ps/select.c,110,branch_num,4,2
procps,procps-4.0.2/src/ps/select.c,111,branch_num,4,2
procps,procps-4.0.2/src/ps/select.c,112,branch_num,4,2
procps,procps-4.0.2/src/ps/select.c,113,branch_num,4,2
procps,procps-4.0.2/src/ps/select.c,114,branch_num,4,2
procps,procps-4.0.2/src/ps/select.c,156,branch_num,6,2
procps,procps-4.0.2/src/ps/select.c,99,branch_num,4,2
procps,procps-4.0.2/src/ps/stacktrace.c,155,branch_num,3,2
procps,procps-4.0.2/src/ps/stacktrace.c,89,branch_num,2,4
procps,procps-4.0.2/src/pwdx.c,104,branch_val,"[1,2]","[2,2]"
procps,procps-4.0.2/src/pwdx.c,120,branch_val,"[0,1]","[1,1]"
procps,procps-4.0.2/src/pwdx.c,129,branch_val,"[0,1]","[0,2]"
procps,procps-4.0.2/src/pwdx.c,135,branch_val,"[0,1]","[0,2]"
procps,procps-4.0.2/src/slabtop.c,189,branch_val,"[0,2]","[0,4]"
procps,procps-4.0.2/src/slabtop.c,310,branch_val,"[0,0]","[0,6]"
procps,procps-4.0.2/src/slabtop.c,313,branch_val,"[0,0]","[0,6]"
procps,procps-4.0.2/src/slabtop.c,331,branch_val,"[0,0]","[0,6]"
procps,procps-4.0.2/src/slabtop.c,337,branch_val,"[0,0]","[0,6]"
procps,procps-4.0.2/src/slabtop.c,343,branch_val,"[0,0]","[0,6]"
procps,procps-4.0.2/src/slabtop.c,351,branch_val,"[0,0]","[0,6]"
procps,procps-4.0.2/src/slabtop.c,361,branch_val,"[0,0,0,0]","[0,0,0,6]"
procps,procps-4.0.2/src/slabtop.c,365,branch_num,2,4
procps,procps-4.0.2/src/slabtop.c,369,branch_val,"[0,0]","[0,6]"
procps,procps-4.0.2/src/slabtop.c,377,branch_val,"[0,0]","[0,6]"
procps,procps-4.0.2/src/slabtop.c,379,branch_val,"[0,0]","[0,6]"
procps,procps-4.0.2/src/sysctl.c,768,branch_num,2,4
procps,procps-4.0.2/src/w.c,204,branch_num,8,2
psmisc,psmisc-23.6/src/fuser.c,1075,branch_num,4,2
psmisc,psmisc-23.6/src/fuser.c,1359,branch_val,"[0,7]","[0,8]"
psmisc,psmisc-23.6/src/fuser.c,1367,branch_val,"[0,7]","[0,8]"
psmisc,psmisc-23.6/src/fuser.c,1376,branch_val,"[0,0,0,7]","[0,0,0,8]"
psmisc,psmisc-23.6/src/fuser.c,1379,branch_val,"[0,7]","[1,7]"
psmisc,psmisc-23.6/src/fuser.c,1388,branch_val,"[0,7]","[1,7]"
psmisc,psmisc-23.6/src/fuser.c,418,branch_num,4,2
psmisc,psmisc-23.6/src/fuser.c,581,branch_num,2,4
psmisc,psmisc-23.6/src/fuser.c,582,branch_num,4,2
psmisc,psmisc-23.6/src/fuser.c,694,branch_num,3,2
psmisc,psmisc-23.6/src/killall.c,1053,branch_val,"[0,0,0,0,0,64]","[0,0,0,0,0,65]"
psmisc,psmisc-23.6/src/killall.c,1056,branch_val,"[0,64]","[0,65]"
psmisc,psmisc-23.6/src/killall.c,1061,branch_val,"[0,64]","[0,65]"
psmisc,psmisc-23.6/src/killall.c,157,branch_num,2,4
psmisc,psmisc-23.6/src/killall.c,179,branch_num,8,2
psmisc,psmisc-23.6/src/killall.c,935,branch_val,"[0,67]","[1,67]"
psmisc,psmisc-23.6/src/killall.c,943,branch_val,"[64,75]","[65,75]"
psmisc,psmisc-23.6/src/killall.c,944,branch_num,18,2
psmisc,psmisc-23.6/src/pslog.c,113,branch_val,"[0,1]","[0,2]"
psmisc,psmisc-23.6/src/pslog.c,122,branch_val,"[0,1]","[1,1]"
psmisc,psmisc-23.6/src/pslog.c,129,branch_val,"[0,0]","[0,1]"
psmisc,psmisc-23.6/src/pslog.c,137,branch_val,"[0,1]","[1,1]"
psmisc,psmisc-23.6/src/pslog.c,146,branch_val,"[0,0]","[0,1]"
psmisc,psmisc-23.6/src/pslog.c,163,branch_val,"[0,0]","[0,1]"
psmisc,psmisc-23.6/src/pslog.c,92,branch_val,"[0,2]","[0,3]"
psmisc,psmisc-23.6/src/pslog.c,96,branch_val,"[0,1,1,1]","[0,1,1,2]"
