bzip2,bzip2-1.0.8/blocksort.c,135,line_val,135003,169491
bzip2,bzip2-1.0.8/blocksort.c,166,line_val,122799,34486
bzip2,bzip2-1.0.8/blocksort.c,167,line_val,35131,34486
bzip2,bzip2-1.0.8/blocksort.c,514,line_val,237906,145765
bzip2,bzip2-1.0.8/blocksort.c,528,line_val,217366,138982
bzip2,bzip2-1.0.8/blocksort.c,542,line_val,201144,132954
bzip2,bzip2-1.0.8/blocksort.c,664,line_val,62164,72777
bzip2,bzip2-1.0.8/blocksort.c,696,line_val,79867,8714
bzip2,bzip2-1.0.8/blocksort.c,697,line_val,76303,8714
bzip2,bzip2-1.0.8/blocksort.c,856,line_val,3945,4404
bzip2,bzip2-1.0.8/bzlib.c,1205,line_val,45,108
bzip2,bzip2-1.0.8/bzlib.c,1210,line_val,3,105
bzip2,bzip2-1.0.8/bzlib.c,373,line_val,6,4
bzip2,bzip2-1.0.8/bzlib.c,374,line_val,6,4
bzip2,bzip2-1.0.8/bzlib.c,761,line_val,120236,120261
bzip2,bzip2-1.0.8/compress.c,296,line_val,17,21
bzip2,bzip2-1.0.8/compress.c,297,line_val,12,21
bzip2,bzip2-1.0.8/compress.c,554,line_val,7786,3897
bzip2,bzip2-1.0.8/compress.c,75,line_val,317541,211232
bzip2,bzip2-1.0.8/decompress.c,197,line_val,6,3
bzip2,bzip2-1.0.8/decompress.c,200,line_val,6,3
bzip2,bzip2-1.0.8/decompress.c,203,line_val,6,3
bzip2,bzip2-1.0.8/decompress.c,206,line_val,6,3
bzip2,bzip2-1.0.8/decompress.c,222,line_val,14,7
bzip2,bzip2-1.0.8/decompress.c,226,line_val,8,4
bzip2,bzip2-1.0.8/decompress.c,228,line_val,8,4
bzip2,bzip2-1.0.8/decompress.c,230,line_val,8,4
bzip2,bzip2-1.0.8/decompress.c,232,line_val,8,4
bzip2,bzip2-1.0.8/decompress.c,234,line_val,8,4
bzip2,bzip2-1.0.8/decompress.c,242,line_val,8,4
bzip2,bzip2-1.0.8/decompress.c,244,line_val,8,4
bzip2,bzip2-1.0.8/decompress.c,246,line_val,8,4
bzip2,bzip2-1.0.8/decompress.c,248,line_val,8,4
bzip2,bzip2-1.0.8/decompress.c,251,line_val,8,4
bzip2,bzip2-1.0.8/decompress.c,254,line_val,8,4
bzip2,bzip2-1.0.8/decompress.c,256,line_val,8,4
bzip2,bzip2-1.0.8/decompress.c,258,line_val,8,4
bzip2,bzip2-1.0.8/decompress.c,268,line_val,72,64
bzip2,bzip2-1.0.8/decompress.c,279,line_val,990,880
bzip2,bzip2-1.0.8/decompress.c,289,line_val,12,4
bzip2,bzip2-1.0.8/decompress.c,294,line_val,8977,7979
bzip2,bzip2-1.0.8/decompress.c,324,line_val,29,21
bzip2,bzip2-1.0.8/decompress.c,328,line_val,8287,7362
bzip2,bzip2-1.0.8/decompress.c,330,line_val,3017,2682
bzip2,bzip2-1.0.8/decompress.c,379,line_val,33,20
bzip2,bzip2-1.0.8/decompress.c,400,line_val,210896,300717
bzip2,bzip2-1.0.8/decompress.c,489,line_val,463897,134682
bzip2,bzip2-1.0.8/decompress.c,590,line_val,6,3
bzip2,bzip2-1.0.8/decompress.c,592,line_val,6,3
bzip2,bzip2-1.0.8/decompress.c,594,line_val,6,3
bzip2,bzip2-1.0.8/decompress.c,596,line_val,6,3
bzip2,bzip2-1.0.8/decompress.c,598,line_val,6,3
bzip2,bzip2-1.0.8/decompress.c,602,line_val,6,3
bzip2,bzip2-1.0.8/decompress.c,604,line_val,6,3
bzip2,bzip2-1.0.8/decompress.c,606,line_val,6,3
bzip2,bzip2-1.0.8/decompress.c,608,line_val,6,3
bzip2,bzip2-1.0.8/huffman.c,101,line_val,118260,18636
bzip2,bzip2-1.0.8/huffman.c,102,line_val,116690,18636
bzip2,bzip2-1.0.8/huffman.c,109,line_val,20824,18636
bzip2,bzip2-1.0.8/huffman.c,95,line_val,48329,18720
distro-info,distro-info-1.5+deb12u1/debian-distro-info.c,29,line_val,303,264
distro-info,distro-info-1.5+deb12u1/debian-distro-info.c,30,line_val,39,264
distro-info,distro-info-1.5+deb12u1/distro-info-util.c,108,line_val,76491,25497
distro-info,distro-info-1.5+deb12u1/distro-info-util.c,148,line_val,32,16
distro-info,distro-info-1.5+deb12u1/distro-info-util.c,173,line_val,11907,8400
distro-info,distro-info-1.5+deb12u1/distro-info-util.c,174,line_val,11868,8400
distro-info,distro-info-1.5+deb12u1/distro-info-util.c,175,line_val,3468,8400
distro-info,distro-info-1.5+deb12u1/distro-info-util.c,176,line_val,280,3468
distro-info,distro-info-1.5+deb12u1/distro-info-util.c,180,line_val,5974,2987
distro-info,distro-info-1.5+deb12u1/distro-info-util.c,185,line_val,7888,4075
distro-info,distro-info-1.5+deb12u1/distro-info-util.c,186,line_val,7718,4075
distro-info,distro-info-1.5+deb12u1/distro-info-util.c,187,line_val,3643,4075
distro-info,distro-info-1.5+deb12u1/distro-info-util.c,191,line_val,1554,1039
distro-info,distro-info-1.5+deb12u1/distro-info-util.c,194,line_val,1158,317
distro-info,distro-info-1.5+deb12u1/distro-info-util.c,195,line_val,244,317
distro-info,distro-info-1.5+deb12u1/distro-info-util.c,203,line_val,34,28
distro-info,distro-info-1.5+deb12u1/distro-info-util.c,204,line_val,6,28
distro-info,distro-info-1.5+deb12u1/distro-info-util.c,209,line_val,15,14
distro-info,distro-info-1.5+deb12u1/distro-info-util.c,210,line_val,1,14
distro-info,distro-info-1.5+deb12u1/distro-info-util.c,270,line_val,317,199
distro-info,distro-info-1.5+deb12u1/distro-info-util.c,284,line_val,584,358
distro-info,distro-info-1.5+deb12u1/distro-info-util.c,759,line_val,10,234
distro-info,distro-info-1.5+deb12u1/distro-info-util.c,875,line_val,12,172
distro-info,distro-info-1.5+deb12u1/distro-info-util.c,879,line_val,5,2
distro-info,distro-info-1.5+deb12u1/ubuntu-distro-info.c,33,line_val,660,2838
distro-info,distro-info-1.5+deb12u1/ubuntu-distro-info.c,34,line_val,3498,2838
ifupdown,ifupdown-0.8.41/config.c,597,line_val,6,2
ifupdown,ifupdown-0.8.41/config.c,696,line_val,306,304
ifupdown,ifupdown-0.8.41/execute.c,63,line_val,15930,16225
ifupdown,ifupdown-0.8.41/execute.c,64,line_val,15635,15930
ifupdown,ifupdown-0.8.41/execute.c,79,line_val,15930,16225
ifupdown,ifupdown-0.8.41/execute.c,80,line_val,15635,15930
ifupdown,ifupdown-0.8.41/main.c,1207,line_val,49,50
ifupdown,ifupdown-0.8.41/main.c,141,line_val,612,562
ifupdown,ifupdown-0.8.41/main.c,1429,line_val,49,50
ifupdown,ifupdown-0.8.41/main.c,1489,line_val,32,38
ifupdown,ifupdown-0.8.41/main.c,1492,line_val,127,133
ifupdown,ifupdown-0.8.41/main.c,1495,line_val,32,38
ifupdown,ifupdown-0.8.41/main.c,1498,line_val,6,38
ifupdown,ifupdown-0.8.41/main.c,452,line_val,254,292
ifupdown,ifupdown-0.8.41/main.c,838,line_val,39,26
lsof,lsof-4.95.0/arg.c,1887,line_val,2,6
lsof,lsof-4.95.0/arg.c,1893,line_val,2,6
lsof,lsof-4.95.0/dnode.c,359,line_val,52,32
lsof,lsof-4.95.0/dnode.c,361,line_val,20,32
lsof,lsof-4.95.0/main.c,1179,line_val,70,72
lsof,lsof-4.95.0/main.c,1191,line_val,70,72
lsof,lsof-4.95.0/main.c,1195,line_val,70,72
lsof,lsof-4.95.0/main.c,1199,line_val,70,72
lsof,lsof-4.95.0/main.c,1201,line_val,70,72
lsof,lsof-4.95.0/main.c,1203,line_val,70,72
lsof,lsof-4.95.0/main.c,1205,line_val,70,72
lsof,lsof-4.95.0/main.c,1207,line_val,70,72
lsof,lsof-4.95.0/main.c,1209,line_val,70,72
lsof,lsof-4.95.0/main.c,1211,line_val,70,72
lsof,lsof-4.95.0/main.c,1213,line_val,70,72
lsof,lsof-4.95.0/main.c,1221,line_val,70,72
lsof,lsof-4.95.0/main.c,1223,line_val,70,72
lsof,lsof-4.95.0/main.c,1231,line_val,70,72
lsof,lsof-4.95.0/main.c,1232,line_val,3,72
lsof,lsof-4.95.0/main.c,1234,line_val,70,72
lsof,lsof-4.95.0/main.c,1239,line_val,70,72
lsof,lsof-4.95.0/main.c,1260,line_val,70,72
lsof,lsof-4.95.0/main.c,1264,line_val,70,72
lsof,lsof-4.95.0/main.c,1271,line_val,67,69
lsof,lsof-4.95.0/main.c,1272,line_val,67,69
lsof,lsof-4.95.0/main.c,1295,line_val,67,69
lsof,lsof-4.95.0/main.c,1296,line_val,67,69
lsof,lsof-4.95.0/main.c,1297,line_val,67,69
lsof,lsof-4.95.0/main.c,1298,line_val,67,69
lsof,lsof-4.95.0/main.c,1299,line_val,67,69
lsof,lsof-4.95.0/main.c,1300,line_val,67,69
lsof,lsof-4.95.0/main.c,1301,line_val,67,69
lsof,lsof-4.95.0/main.c,1302,line_val,67,69
lsof,lsof-4.95.0/main.c,1303,line_val,67,69
lsof,lsof-4.95.0/main.c,1304,line_val,67,69
lsof,lsof-4.95.0/main.c,1305,line_val,67,69
lsof,lsof-4.95.0/main.c,1306,line_val,67,69
lsof,lsof-4.95.0/main.c,1312,line_val,67,69
lsof,lsof-4.95.0/main.c,1321,line_val,67,69
lsof,lsof-4.95.0/main.c,1328,line_val,71,73
lsof,lsof-4.95.0/main.c,1332,line_val,71,73
lsof,lsof-4.95.0/main.c,1352,line_val,71,73
lsof,lsof-4.95.0/main.c,1513,line_val,71,73
lsof,lsof-4.95.0/main.c,1583,line_val,71,73
lsof,lsof-4.95.0/main.c,1585,line_val,71,73
lsof,lsof-4.95.0/main.c,1590,line_val,67,69
lsof,lsof-4.95.0/main.c,1591,line_val,67,69
lsof,lsof-4.95.0/main.c,1592,line_val,75,77
lsof,lsof-4.95.0/main.c,1605,line_val,67,69
lsof,lsof-4.95.0/main.c,1618,line_val,88,90
lsof,lsof-4.95.0/main.c,1659,line_val,67,69
lsof,lsof-4.95.0/main.c,1701,line_val,67,69
lsof,lsof-4.95.0/main.c,1712,line_val,67,69
lsof,lsof-4.95.0/main.c,1726,line_val,67,69
lsof,lsof-4.95.0/main.c,1742,line_val,67,69
lsof,lsof-4.95.0/main.c,1751,line_val,102,104
lsof,lsof-4.95.0/main.c,1765,line_val,67,69
lsof,lsof-4.95.0/main.c,1797,line_val,67,69
lsof,lsof-4.95.0/main.c,1814,line_val,67,69
lsof,lsof-4.95.0/main.c,1826,line_val,67,69
lsof,lsof-4.95.0/main.c,1844,line_val,67,69
lsof,lsof-4.95.0/main.c,1846,line_val,67,69
lsof,lsof-4.95.0/main.c,1848,line_val,67,69
lsof,lsof-4.95.0/main.c,1887,line_val,206,253
lsof,lsof-4.95.0/main.c,1888,line_val,187,253
lsof,lsof-4.95.0/main.c,1949,line_val,49,86
lsof,lsof-4.95.0/usage.c,943,line_val,4,2
lzo2,lzo2-2.10/lzotest/lzotest.c,1901,line_val,50,52
lzo2,lzo2-2.10/lzotest/lzotest.c,1902,line_val,49,51
lzo2,lzo2-2.10/minilzo/minilzo.c,3892,line_val,1,7
lzo2,lzo2-2.10/minilzo/minilzo.c,3914,line_val,3,9
lzo2,lzo2-2.10/minilzo/minilzo.c,3930,line_val,1,2
lzo2,lzo2-2.10/minilzo/minilzo.c,3943,line_val,1,2
lzo2,lzo2-2.10/minilzo/minilzo.c,4625,line_val,3,1
lzo2,lzo2-2.10/minilzo/minilzo.c,5108,line_val,6,3
lzo2,lzo2-2.10/minilzo/minilzo.c,5112,line_val,32750,16375
lzo2,lzo2-2.10/minilzo/minilzo.c,5115,line_val,16372,16375
lzo2,lzo2-2.10/minilzo/minilzo.c,5507,line_val,3,4
lzo2,lzo2-2.10/minilzo/minilzo.c,5572,line_val,3,4
lzo2,lzo2-2.10/src/lzo1a.c,171,line_val,45480,15830
lzo2,lzo2-2.10/src/lzo1a.c,193,line_val,45300,61110
lzo2,lzo2-2.10/src/lzo1a.c,205,line_val,115840,54680
lzo2,lzo2-2.10/src/lzo1a.c,216,line_val,72500,6430
lzo2,lzo2-2.10/src/lzo1a.c,281,line_val,26800,59560
lzo2,lzo2-2.10/src/lzo1a.c,371,line_val,24520,8920
lzo2,lzo2-2.10/src/lzo1a.c,380,line_val,1360,30
lzo2,lzo2-2.10/src/lzo1a_cr.ch,103,line_val,120,10
lzo2,lzo2-2.10/src/lzo1b_9x.c,174,line_val,7180,43780
lzo2,lzo2-2.10/src/lzo1b_9x.c,235,line_val,6900,8180
lzo2,lzo2-2.10/src/lzo1b_c.ch,124,line_val,1157075,1157295
lzo2,lzo2-2.10/src/lzo1b_c.ch,161,line_val,343416,526995
lzo2,lzo2-2.10/src/lzo1b_c.ch,170,line_val,526995,208153
lzo2,lzo2-2.10/src/lzo1b_cm.ch,157,line_val,42240,42260
lzo2,lzo2-2.10/src/lzo1b_cr.ch,84,line_val,489037,164270
lzo2,lzo2-2.10/src/lzo1b_cr.ch,95,line_val,29700,650
lzo2,lzo2-2.10/src/lzo1b_d.ch,108,line_val,58360,42600
lzo2,lzo2-2.10/src/lzo1b_d.ch,147,line_val,447560,611250
lzo2,lzo2-2.10/src/lzo1b_d.ch,162,line_val,1198400,501230
lzo2,lzo2-2.10/src/lzo1b_d.ch,203,line_val,140060,122450
lzo2,lzo2-2.10/src/lzo1b_d.ch,209,line_val,62380,27060
lzo2,lzo2-2.10/src/lzo1b_r.ch,86,line_val,720,20
lzo2,lzo2-2.10/src/lzo1b_r.ch,95,line_val,35100,10915
lzo2,lzo2-2.10/src/lzo1b_sm.ch,180,line_val,591086,414569
lzo2,lzo2-2.10/src/lzo1b_sm.ch,184,line_val,3277896,2092844
lzo2,lzo2-2.10/src/lzo1.c,236,line_val,46930,17280
lzo2,lzo2-2.10/src/lzo1.c,256,line_val,189790,62560
lzo2,lzo2-2.10/src/lzo1.c,305,line_val,1360,30
lzo2,lzo2-2.10/src/lzo1.c,311,line_val,120,10
lzo2,lzo2-2.10/src/lzo1.c,364,line_val,26800,59560
lzo2,lzo2-2.10/src/lzo1.c,409,line_val,25450,9850
lzo2,lzo2-2.10/src/lzo1c_9x.c,176,line_val,7560,44880
lzo2,lzo2-2.10/src/lzo1c_9x.c,241,line_val,11010,14410
lzo2,lzo2-2.10/src/lzo1c_9x.c,295,line_val,3320,2140
lzo2,lzo2-2.10/src/lzo1f_1.c,129,line_val,2986,37764
lzo2,lzo2-2.10/src/lzo1f_1.c,137,line_val,24084,37764
lzo2,lzo2-2.10/src/lzo1f_1.c,171,line_val,8647,24084
lzo2,lzo2-2.10/src/lzo1f_1.c,73,line_val,61838,61848
lzo2,lzo2-2.10/src/lzo1f_9x.c,216,line_val,14260,27800
lzo2,lzo2-2.10/src/lzo1f_9x.c,221,line_val,21200,26170
lzo2,lzo2-2.10/src/lzo1f_9x.c,228,line_val,870,23580
lzo2,lzo2-2.10/src/lzo1f_9x.c,63,line_val,410,11250
lzo2,lzo2-2.10/src/lzo1f_d.ch,107,line_val,17950,47760
lzo2,lzo2-2.10/src/lzo1f_d.ch,156,line_val,15190,12540
lzo2,lzo2-2.10/src/lzo1f_d.ch,161,line_val,12970,38340
lzo2,lzo2-2.10/src/lzo1f_d.ch,86,line_val,6820,5130
lzo2,lzo2-2.10/src/lzo1x_9x.c,465,line_val,21750,27260
lzo2,lzo2-2.10/src/lzo1x_9x.c,481,line_val,34050,39560
lzo2,lzo2-2.10/src/lzo1x_9x.c,492,line_val,210,32530
lzo2,lzo2-2.10/src/lzo1x_9x.c,504,line_val,210,32530
lzo2,lzo2-2.10/src/lzo1x_9x.c,505,line_val,70,32530
lzo2,lzo2-2.10/src/lzo1x_9x.c,615,line_val,110370,129210
lzo2,lzo2-2.10/src/lzo1x_9x.c,621,line_val,91850,129210
lzo2,lzo2-2.10/src/lzo1x_9x.c,623,line_val,30,129210
lzo2,lzo2-2.10/src/lzo1x_c.ch,176,line_val,221766,110883
lzo2,lzo2-2.10/src/lzo1x_c.ch,180,line_val,52710,26355
lzo2,lzo2-2.10/src/lzo1x_c.ch,183,line_val,26352,26355
lzo2,lzo2-2.10/src/lzo1x_d.ch,166,line_val,17083,20274
lzo2,lzo2-2.10/src/lzo1x_d.ch,420,line_val,173,97273
lzo2,lzo2-2.10/src/lzo1x_d.ch,427,line_val,97273,186163
lzo2,lzo2-2.10/src/lzo1x_d.ch,437,line_val,60930,60960
lzo2,lzo2-2.10/src/lzo1x_d.ch,98,line_val,125233,125284
lzo2,lzo2-2.10/src/lzo2a_9x.c,179,line_val,7970,9300
lzo2,lzo2-2.10/src/lzo2a_9x.c,183,line_val,31260,32590
lzo2,lzo2-2.10/src/lzo2a_d.ch,135,line_val,141320,19850
lzo2,lzo2-2.10/src/lzo2a_d.ch,87,line_val,23900,8310
lzo2,lzo2-2.10/src/lzo_init.c,221,line_val,12,4
lzo2,lzo2-2.10/src/lzo_swd.ch,534,line_val,2583270,5218730
lzo2,lzo2-2.10/src/lzo_swd.ch,536,line_val,552720,5218730
lzo2,lzo2-2.10/src/lzo_swd.ch,537,line_val,552460,5218730
mawk,mawk-1.3.4.20200120/bi_funct.c,1191,line_val,11,16
mawk,mawk-1.3.4.20200120/bi_funct.c,1192,line_val,1,16
mawk,mawk-1.3.4.20200120/bi_funct.c,1193,line_val,1,16
mawk,mawk-1.3.4.20200120/bi_funct.c,814,line_val,100,50
mawk,mawk-1.3.4.20200120/bi_funct.c,816,line_val,100,50
mawk,mawk-1.3.4.20200120/execute.c,1135,line_val,4,22
mawk,mawk-1.3.4.20200120/execute.c,1136,line_val,4,22
mawk,mawk-1.3.4.20200120/execute.c,1137,line_val,4,22
mawk,mawk-1.3.4.20200120/execute.c,1145,line_val,2108,2126
mawk,mawk-1.3.4.20200120/execute.c,1158,line_val,16,19
mawk,mawk-1.3.4.20200120/execute.c,1159,line_val,16,19
mawk,mawk-1.3.4.20200120/execute.c,1160,line_val,16,19
mawk,mawk-1.3.4.20200120/execute.c,1174,line_val,1665,1668
mawk,mawk-1.3.4.20200120/execute.c,1366,line_val,1,25
mawk,mawk-1.3.4.20200120/execute.c,1411,line_val,1100,686
mawk,mawk-1.3.4.20200120/execute.c,1424,line_val,20152,1126
mawk,mawk-1.3.4.20200120/execute.c,818,line_val,4003,3258
mawk,mawk-1.3.4.20200120/execute.c,821,line_val,4002,4003
mawk,mawk-1.3.4.20200120/execute.c,991,line_val,2172,1086
mawk,mawk-1.3.4.20200120/fcall.c,194,line_val,8,5
mawk,mawk-1.3.4.20200120/files.c,357,line_val,193,195
mawk,mawk-1.3.4.20200120/files.c,374,line_val,141,143
mawk,mawk-1.3.4.20200120/files.c,375,line_val,141,143
mawk,mawk-1.3.4.20200120/files.c,377,line_val,50,52
mawk,mawk-1.3.4.20200120/fin.c,269,line_val,3753,3754
mawk,mawk-1.3.4.20200120/fin.c,289,line_val,2,427
mawk,mawk-1.3.4.20200120/fin.c,405,line_val,2,75
mawk,mawk-1.3.4.20200120/fin.c,558,line_val,35,272
mawk,mawk-1.3.4.20200120/init.c,496,line_val,16,17
mawk,mawk-1.3.4.20200120/init.c,507,line_val,16,17
mawk,mawk-1.3.4.20200120/init.c,510,line_val,47,48
mawk,mawk-1.3.4.20200120/init.c,88,line_val,47,50
mawk,mawk-1.3.4.20200120/init.c,89,line_val,47,50
mawk,mawk-1.3.4.20200120/init.c,90,line_val,47,50
mawk,mawk-1.3.4.20200120/init.c,95,line_val,47,50
mawk,mawk-1.3.4.20200120/main.c,105,line_val,50,52
mawk,mawk-1.3.4.20200120/main.c,52,line_val,47,50
mawk,mawk-1.3.4.20200120/main.c,53,line_val,47,50
mawk,mawk-1.3.4.20200120/main.c,54,line_val,47,50
mawk,mawk-1.3.4.20200120/main.c,55,line_val,47,50
mawk,mawk-1.3.4.20200120/main.c,56,line_val,47,50
mawk,mawk-1.3.4.20200120/main.c,57,line_val,47,50
mawk,mawk-1.3.4.20200120/main.c,63,line_val,47,50
mawk,mawk-1.3.4.20200120/main.c,68,line_val,47,50
mawk,mawk-1.3.4.20200120/main.c,70,line_val,47,50
mawk,mawk-1.3.4.20200120/main.c,71,line_val,47,50
mawk,mawk-1.3.4.20200120/parse.c,3296,line_val,2519,3789
mawk,mawk-1.3.4.20200120/parse.c,3297,line_val,1224,3789
mawk,mawk-1.3.4.20200120/parse.c,3298,line_val,5084,3789
mawk,mawk-1.3.4.20200120/print.c,128,line_val,656,657
mawk,mawk-1.3.4.20200120/print.c,43,line_val,1918,413
mawk,mawk-1.3.4.20200120/print.c,473,line_val,1080,540
mawk,mawk-1.3.4.20200120/print.c,474,line_val,1080,540
mawk,mawk-1.3.4.20200120/print.c,58,line_val,60,1918
mawk,mawk-1.3.4.20200120/re_cmpl.c,253,line_val,5,1123
mawk,mawk-1.3.4.20200120/re_cmpl.c,53,line_val,1274,6005
mawk,mawk-1.3.4.20200120/re_cmpl.c,85,line_val,75,1284
mawk,mawk-1.3.4.20200120/rexp0.c,122,line_val,53,21
mawk,mawk-1.3.4.20200120/rexp0.c,169,line_val,164,67
mawk,mawk-1.3.4.20200120/rexp0.c,215,line_val,46,47
mawk,mawk-1.3.4.20200120/rexp0.c,233,line_val,54,152
mawk,mawk-1.3.4.20200120/rexp0.c,292,line_val,26,81
mawk,mawk-1.3.4.20200120/rexp0.c,620,line_val,46,47
mawk,mawk-1.3.4.20200120/rexp0.c,621,line_val,46,47
mawk,mawk-1.3.4.20200120/rexp0.c,623,line_val,46,47
mawk,mawk-1.3.4.20200120/rexp0.c,624,line_val,46,47
mawk,mawk-1.3.4.20200120/rexp0.c,626,line_val,46,47
mawk,mawk-1.3.4.20200120/rexp0.c,630,line_val,32,33
mawk,mawk-1.3.4.20200120/rexp0.c,632,line_val,46,47
mawk,mawk-1.3.4.20200120/rexp0.c,634,line_val,253,254
mawk,mawk-1.3.4.20200120/rexp0.c,690,line_val,46,47
mawk,mawk-1.3.4.20200120/rexp0.c,696,line_val,46,47
mawk,mawk-1.3.4.20200120/rexp0.c,697,line_val,46,47
mawk,mawk-1.3.4.20200120/rexp1.c,148,line_val,3,5
mawk,mawk-1.3.4.20200120/rexp2.c,179,line_val,2370,335
mawk,mawk-1.3.4.20200120/rexp2.c,255,line_val,13306,3257
mawk,mawk-1.3.4.20200120/rexp2.c,359,line_val,2505,4794
mawk,mawk-1.3.4.20200120/rexp2.c,361,line_val,2505,4794
mawk,mawk-1.3.4.20200120/rexp2.c,368,line_val,12505,24689
mawk,mawk-1.3.4.20200120/rexp2.c,369,line_val,12505,24689
mawk,mawk-1.3.4.20200120/rexp3.c,394,line_val,3805,3612
mawk,mawk-1.3.4.20200120/rexp3.c,416,line_val,1400,11859
mawk,mawk-1.3.4.20200120/rexp3.c,419,line_val,13244,13259
mawk,mawk-1.3.4.20200120/rexp3.c,432,line_val,6,28
mawk,mawk-1.3.4.20200120/rexp3.c,76,line_val,14101,343
mawk,mawk-1.3.4.20200120/rexp3.c,85,line_val,19364,31830
mawk,mawk-1.3.4.20200120/rexp.c,121,line_val,76,75
mawk,mawk-1.3.4.20200120/rexp.c,122,line_val,76,75
mawk,mawk-1.3.4.20200120/rexp.c,123,line_val,76,75
mawk,mawk-1.3.4.20200120/rexp.c,125,line_val,76,75
mawk,mawk-1.3.4.20200120/rexp.c,130,line_val,163,81
mawk,mawk-1.3.4.20200120/rexp.h,192,line_val,3544,12766
mawk,mawk-1.3.4.20200120/scan.c,401,line_val,30,31
mawk,mawk-1.3.4.20200120/scan.c,525,line_val,101,138
mawk,mawk-1.3.4.20200120/scan.c,642,line_val,288,196
procps,procps-4.0.2/library/diskstats.c,521,line_val,2,4
procps,procps-4.0.2/library/meminfo.c,475,line_val,12,14
procps,procps-4.0.2/library/meminfo.c,650,line_val,15,31
procps,procps-4.0.2/library/stat.c,410,line_val,28,30
procps,procps-4.0.2/library/stat.c,722,line_val,4,8
procps,procps-4.0.2/library/tests/test_pids.c,46,line_val,2,1
procps,procps-4.0.2/library/tests/test_pids.c,47,line_val,2,1
procps,procps-4.0.2/library/tests/test_pids.c,57,line_val,2,1
procps,procps-4.0.2/library/tests/test_pids.c,59,line_val,3,1
procps,procps-4.0.2/src/free.c,343,line_val,6,3
procps,procps-4.0.2/src/free.c,348,line_val,1,3
procps,procps-4.0.2/src/free.c,393,line_val,26,13
procps,procps-4.0.2/src/pgrep.c,1051,line_val,28,30
procps,procps-4.0.2/src/pgrep.c,1084,line_val,28,33
procps,procps-4.0.2/src/pgrep.c,1085,line_val,28,33
procps,procps-4.0.2/src/pgrep.c,851,line_val,25,33
procps,procps-4.0.2/src/pmap.c,672,line_val,110,111
procps,procps-4.0.2/src/ps/display.c,639,line_val,462,308
procps,procps-4.0.2/src/ps/display.c,659,line_val,11,14
procps,procps-4.0.2/src/ps/display.c,666,line_val,11,14
procps,procps-4.0.2/src/ps/display.c,668,line_val,11,14
procps,procps-4.0.2/src/ps/display.c,669,line_val,11,14
procps,procps-4.0.2/src/ps/display.c,671,line_val,11,14
procps,procps-4.0.2/src/ps/display.c,672,line_val,11,14
procps,procps-4.0.2/src/ps/display.c,673,line_val,11,14
procps,procps-4.0.2/src/ps/display.c,675,line_val,11,14
procps,procps-4.0.2/src/ps/display.c,676,line_val,11,14
procps,procps-4.0.2/src/ps/global.c,370,line_val,2,19
procps,procps-4.0.2/src/ps/sortformat.c,592,line_val,24,35
procps,procps-4.0.2/src/pwdx.c,104,line_val,3,4
procps,procps-4.0.2/src/pwdx.c,120,line_val,1,2
procps,procps-4.0.2/src/pwdx.c,129,line_val,1,2
procps,procps-4.0.2/src/pwdx.c,133,line_val,1,2
procps,procps-4.0.2/src/pwdx.c,135,line_val,1,2
procps,procps-4.0.2/src/pwdx.c,141,line_val,1,2
procps,procps-4.0.2/src/pwdx.c,142,line_val,1,2
procps,procps-4.0.2/src/pwdx.c,145,line_val,1,2
procps,procps-4.0.2/src/pwdx.c,147,line_val,1,2
procps,procps-4.0.2/src/pwdx.c,148,line_val,1,2
procps,procps-4.0.2/src/slabtop.c,187,line_val,2,4
procps,procps-4.0.2/src/slabtop.c,188,line_val,2,4
procps,procps-4.0.2/src/slabtop.c,189,line_val,2,4
procps,procps-4.0.2/src/slabtop.c,191,line_val,2,4
procps,procps-4.0.2/src/slabtop.c,198,line_val,2,4
procps,procps-4.0.2/src/slabtop.c,199,line_val,2,4
procps,procps-4.0.2/src/sysctl.c,953,line_val,6,8
procps,procps-4.0.2/src/vmstat.c,289,line_val,1,2
procps,procps-4.0.2/src/vmstat.c,293,line_val,1,2
procps,procps-4.0.2/src/vmstat.c,421,line_val,6,2
procps,procps-4.0.2/src/vmstat.c,966,line_val,6,9
procps,procps-4.0.2/src/w.c,585,line_val,8,16
psmisc,psmisc-23.6/src/fuser.c,1305,line_val,1,7
psmisc,psmisc-23.6/src/fuser.c,1359,line_val,7,8
psmisc,psmisc-23.6/src/fuser.c,1367,line_val,7,8
psmisc,psmisc-23.6/src/fuser.c,1376,line_val,7,8
psmisc,psmisc-23.6/src/fuser.c,1379,line_val,7,8
psmisc,psmisc-23.6/src/fuser.c,1388,line_val,7,8
psmisc,psmisc-23.6/src/fuser.c,1398,line_val,7,8
psmisc,psmisc-23.6/src/fuser.c,1399,line_val,7,8
psmisc,psmisc-23.6/src/fuser.c,1401,line_val,7,8
psmisc,psmisc-23.6/src/fuser.c,1402,line_val,7,8
psmisc,psmisc-23.6/src/fuser.c,1407,line_val,7,8
psmisc,psmisc-23.6/src/fuser.c,1409,line_val,7,8
psmisc,psmisc-23.6/src/fuser.c,1411,line_val,7,8
psmisc,psmisc-23.6/src/fuser.c,1412,line_val,7,8
psmisc,psmisc-23.6/src/fuser.c,1413,line_val,7,8
psmisc,psmisc-23.6/src/fuser.c,1414,line_val,7,8
psmisc,psmisc-23.6/src/fuser.c,1415,line_val,7,8
psmisc,psmisc-23.6/src/fuser.c,1416,line_val,7,8
psmisc,psmisc-23.6/src/fuser.c,2067,line_val,6,42
psmisc,psmisc-23.6/src/fuser.c,2076,line_val,14,48
psmisc,psmisc-23.6/src/killall.c,1052,line_val,64,65
psmisc,psmisc-23.6/src/killall.c,1053,line_val,64,65
psmisc,psmisc-23.6/src/killall.c,1056,line_val,64,65
psmisc,psmisc-23.6/src/killall.c,1061,line_val,64,65
psmisc,psmisc-23.6/src/killall.c,1066,line_val,64,65
psmisc,psmisc-23.6/src/killall.c,1067,line_val,64,65
psmisc,psmisc-23.6/src/killall.c,934,line_val,67,68
psmisc,psmisc-23.6/src/killall.c,935,line_val,67,68
psmisc,psmisc-23.6/src/killall.c,939,line_val,67,68
psmisc,psmisc-23.6/src/killall.c,942,line_val,67,68
psmisc,psmisc-23.6/src/killall.c,943,line_val,139,140
psmisc,psmisc-23.6/src/pslog.c,101,line_val,1,2
psmisc,psmisc-23.6/src/pslog.c,102,line_val,1,2
psmisc,psmisc-23.6/src/pslog.c,112,line_val,1,2
psmisc,psmisc-23.6/src/pslog.c,113,line_val,1,2
psmisc,psmisc-23.6/src/pslog.c,122,line_val,1,2
psmisc,psmisc-23.6/src/pslog.c,136,line_val,1,2
psmisc,psmisc-23.6/src/pslog.c,137,line_val,1,2
psmisc,psmisc-23.6/src/pslog.c,89,line_val,2,3
psmisc,psmisc-23.6/src/pslog.c,92,line_val,2,3
psmisc,psmisc-23.6/src/pslog.c,96,line_val,2,3
