apache2,apache2-2.4.62/modules/arch/unix/mod_unixd.c,310,conv,
apache2,apache2-2.4.62/modules/http/http_etag.c,271,conv,
apache2,apache2-2.4.62/modules/http/http_filters.c,1244,conv,
apache2,apache2-2.4.62/modules/http/http_filters.c,1309,conv,
apache2,apache2-2.4.62/modules/http/http_filters.c,1332,conv,
apache2,apache2-2.4.62/modules/http/http_filters.c,1348,conv,
apache2,apache2-2.4.62/modules/http/http_filters.c,1529,conv,
apache2,apache2-2.4.62/modules/http/http_filters.c,221,conv,
apache2,apache2-2.4.62/modules/http/http_filters.c,518,conv,
apache2,apache2-2.4.62/modules/http/http_filters.c,590,conv,
apache2,apache2-2.4.62/modules/http/http_filters.c,667,conv,
apache2,apache2-2.4.62/modules/http/http_filters.c,796,conv,
apache2,apache2-2.4.62/modules/http/http_filters.c,872,conv,
apache2,apache2-2.4.62/modules/http/http_protocol.c,1426,conv,
apache2,apache2-2.4.62/modules/http/http_protocol.c,1499,conv,
apache2,apache2-2.4.62/modules/http/http_protocol.c,1500,conv,
apache2,apache2-2.4.62/modules/http/http_protocol.c,562,conv,
apache2,apache2-2.4.62/modules/http/http_request.c,252,conv,
apache2,apache2-2.4.62/modules/http/http_request.c,764,conv,
apache2,apache2-2.4.62/modules/http/http_request.c,765,conv,
apache2,apache2-2.4.62/modules/loggers/mod_log_config.c,1692,conv,
apache2,apache2-2.4.62/modules/loggers/mod_log_config.c,574,conv,
apache2,apache2-2.4.62/modules/loggers/mod_log_config.c,585,conv,
apache2,apache2-2.4.62/server/config.c,1600,conv,
apache2,apache2-2.4.62/server/config.c,1618,conv,
apache2,apache2-2.4.62/server/config.c,2515,conv,
apache2,apache2-2.4.62/server/config.c,421,conv,
apache2,apache2-2.4.62/server/core.c,1663,conv,
apache2,apache2-2.4.62/server/core.c,2918,conv,
apache2,apache2-2.4.62/server/core.c,4905,conv,
apache2,apache2-2.4.62/server/core_filters.c,148,conv,
apache2,apache2-2.4.62/server/core_filters.c,234,conv,
apache2,apache2-2.4.62/server/core_filters.c,267,conv,
apache2,apache2-2.4.62/server/core_filters.c,268,conv,
apache2,apache2-2.4.62/server/core_filters.c,450,conv,
apache2,apache2-2.4.62/server/core_filters.c,507,conv,
apache2,apache2-2.4.62/server/core_filters.c,568,conv,
apache2,apache2-2.4.62/server/core_filters.c,622,conv,
apache2,apache2-2.4.62/server/listen.c,299,conv,
apache2,apache2-2.4.62/server/listen.c,490,conv,
apache2,apache2-2.4.62/server/listen.c,510,conv,
apache2,apache2-2.4.62/server/listen.c,513,conv,
apache2,apache2-2.4.62/server/listen.c,543,conv,
apache2,apache2-2.4.62/server/log.c,1773,conv,
apache2,apache2-2.4.62/server/log.c,1827,conv,
apache2,apache2-2.4.62/server/log.c,669,conv,
apache2,apache2-2.4.62/server/main.c,553,conv,
apache2,apache2-2.4.62/server/mpm_common.c,498,conv,
apache2,apache2-2.4.62/server/mpm_unix.c,139,conv,
apache2,apache2-2.4.62/server/mpm_unix.c,552,conv,
apache2,apache2-2.4.62/server/mpm_unix.c,584,conv,
apache2,apache2-2.4.62/server/protocol.c,1438,conv,
apache2,apache2-2.4.62/server/protocol.c,1940,conv,
apache2,apache2-2.4.62/server/protocol.c,1979,conv,
apache2,apache2-2.4.62/server/protocol.c,308,conv,
apache2,apache2-2.4.62/server/protocol.c,765,conv,
apache2,apache2-2.4.62/server/protocol.c,795,conv,
apache2,apache2-2.4.62/server/protocol.c,844,conv,
apache2,apache2-2.4.62/server/protocol.c,845,conv,
apache2,apache2-2.4.62/server/protocol.c,855,conv,
apache2,apache2-2.4.62/server/protocol.c,856,conv,
apache2,apache2-2.4.62/server/request.c,1022,conv,
apache2,apache2-2.4.62/server/request.c,133,conv,
apache2,apache2-2.4.62/server/request.c,1572,conv,
apache2,apache2-2.4.62/server/request.c,1575,conv,
apache2,apache2-2.4.62/server/request.c,1774,conv,
apache2,apache2-2.4.62/server/request.c,2570,conv,
apache2,apache2-2.4.62/server/request.c,331,conv,
apache2,apache2-2.4.62/server/scoreboard.c,669,conv,
apache2,apache2-2.4.62/server/scoreboard.c,670,conv,
apache2,apache2-2.4.62/server/ssl.c,167,conv,
apache2,apache2-2.4.62/server/ssl.c,168,conv,
apache2,apache2-2.4.62/server/ssl.c,207,conv,
apache2,apache2-2.4.62/server/ssl.c,212,conv,
apache2,apache2-2.4.62/server/util.c,102,conv,
apache2,apache2-2.4.62/server/util.c,1185,conv,
apache2,apache2-2.4.62/server/util.c,1262,conv,
apache2,apache2-2.4.62/server/util.c,1280,conv,
apache2,apache2-2.4.62/server/util.c,1283,conv,
apache2,apache2-2.4.62/server/util.c,1286,conv,
apache2,apache2-2.4.62/server/util.c,129,conv,
apache2,apache2-2.4.62/server/util.c,1301,conv,
apache2,apache2-2.4.62/server/util.c,1351,conv,
apache2,apache2-2.4.62/server/util.c,1358,conv,
apache2,apache2-2.4.62/server/util.c,1365,conv,
apache2,apache2-2.4.62/server/util.c,1371,conv,
apache2,apache2-2.4.62/server/util.c,1380,conv,
apache2,apache2-2.4.62/server/util.c,1384,conv,
apache2,apache2-2.4.62/server/util.c,1434,conv,
apache2,apache2-2.4.62/server/util.c,1477,conv,
apache2,apache2-2.4.62/server/util.c,1484,conv,
apache2,apache2-2.4.62/server/util.c,1491,conv,
apache2,apache2-2.4.62/server/util.c,1497,conv,
apache2,apache2-2.4.62/server/util.c,1506,conv,
apache2,apache2-2.4.62/server/util.c,1510,conv,
apache2,apache2-2.4.62/server/util.c,1518,conv,
apache2,apache2-2.4.62/server/util.c,1705,conv,
apache2,apache2-2.4.62/server/util.c,1706,conv,
apache2,apache2-2.4.62/server/util.c,1737,conv,
apache2,apache2-2.4.62/server/util.c,1770,conv,
apache2,apache2-2.4.62/server/util.c,1907,conv,
apache2,apache2-2.4.62/server/util.c,1908,conv,
apache2,apache2-2.4.62/server/util.c,1913,conv,
apache2,apache2-2.4.62/server/util.c,1915,conv,
apache2,apache2-2.4.62/server/util.c,1916,conv,
apache2,apache2-2.4.62/server/util.c,2689,conv,
apache2,apache2-2.4.62/server/util.c,2704,conv,
apache2,apache2-2.4.62/server/util.c,3337,conv,
apache2,apache2-2.4.62/server/util.c,3338,conv,
apache2,apache2-2.4.62/server/util.c,3417,conv,
apache2,apache2-2.4.62/server/util.c,395,conv,
apache2,apache2-2.4.62/server/util.c,432,conv,
apache2,apache2-2.4.62/server/util.c,537,conv,
apache2,apache2-2.4.62/server/util.c,539,conv,
apache2,apache2-2.4.62/server/util_cookies.c,285,conv,
apache2,apache2-2.4.62/server/util_cookies.c,57,conv,
apache2,apache2-2.4.62/server/util_cookies.c,99,conv,
apache2,apache2-2.4.62/server/util_debug.c,176,conv,
apache2,apache2-2.4.62/server/util_expr_eval.c,1257,conv,
apache2,apache2-2.4.62/server/util_expr_eval.c,1301,conv,
apache2,apache2-2.4.62/server/util_expr_parse.c,1109,conv,
apache2,apache2-2.4.62/server/util_expr_parse.c,1128,conv,
apache2,apache2-2.4.62/server/util_expr_parse.c,1144,conv,
apache2,apache2-2.4.62/server/util_expr_scan.c,1596,conv,
apache2,apache2-2.4.62/server/util_expr_scan.c,1940,conv,
apache2,apache2-2.4.62/server/util_expr_scan.c,1964,conv,
apache2,apache2-2.4.62/server/util_expr_scan.c,2036,conv,
apache2,apache2-2.4.62/server/util_expr_scan.c,2064,conv,
apache2,apache2-2.4.62/server/util_expr_scan.c,2098,conv,
apache2,apache2-2.4.62/server/util_expr_scan.c,2142,conv,
apache2,apache2-2.4.62/server/util_expr_scan.c,2368,conv,
apache2,apache2-2.4.62/server/util_expr_scan.c,2434,conv,
apache2,apache2-2.4.62/server/util_expr_scan.c,906,conv,
apache2,apache2-2.4.62/server/util_filter.c,570,conv,
apache2,apache2-2.4.62/server/util_pcre.c,124,conv,
apache2,apache2-2.4.62/server/util_regex.c,196,conv,
apache2,apache2-2.4.62/server/util_script.c,633,conv,
apache2,apache2-2.4.62/server/util_script.c,775,conv,
apache2,apache2-2.4.62/server/util_script.c,776,conv,
apache2,apache2-2.4.62/server/vhost.c,460,conv,
apache2,apache2-2.4.62/server/vhost.c,778,conv,
apache2,apache2-2.4.62/server/vhost.c,783,conv,
apache2,apache2-2.4.62/server/vhost.c,792,conv,
bzip2,bzip2-1.0.8/bzip2.c,1145,conv,
bzip2,bzip2-1.0.8/bzip2.c,1211,conv,
bzip2,bzip2-1.0.8/bzip2.c,1329,conv,
bzip2,bzip2-1.0.8/bzip2.c,1397,conv,
bzip2,bzip2-1.0.8/bzip2.c,1524,conv,
coreutils,coreutils-9.1/lib/closeout.c,134,conv,
coreutils,coreutils-9.1/lib/quotearg.c,405,conv,
coreutils,coreutils-9.1/lib/quotearg.c,647,conv,
coreutils,coreutils-9.1/lib/version-etc.c,208,conv,
coreutils,coreutils-9.1/lib/xmalloc.c,256,conv,
coreutils,coreutils-9.1/src/seq.c,180,conv,
coreutils,coreutils-9.1/src/seq.c,193,conv,
coreutils,coreutils-9.1/src/seq.c,567,conv,
coreutils,coreutils-9.1/src/seq.c,599,conv,
coreutils,coreutils-9.1/src/seq.c,684,bug,KNOWN BUG LLVM#UCF
coreutils,coreutils-9.1/src/seq.c,705,bug,KNOWN BUG LLVM#UCF
coreutils,coreutils-9.1/src/seq.c,706,conv,
coreutils,coreutils-9.1/src/seq.c,727,bug,KNOWN BUG LLVM#UCF
coreutils,coreutils-9.1/src/system.h,653,conv,
cron,cron-3.0pl1/cron.c,108,bug,KNOWN BUG LLVM#UCF
cron,cron-3.0pl1/cron.c,122,bug,KNOWN BUG LLVM#UCF
cron,cron-3.0pl1/cron.c,88,bug,KNOWN BUG LLVM#UCF
curl,curl-7.88.1/debian/build/lib/strtoofft.c,226,conv,
curl,curl-7.88.1/debian/build/lib/strtoofft.c,228,conv,
curl,curl-7.88.1/debian/build/src/tool_cb_hdr.c,112,conv,
curl,curl-7.88.1/debian/build/src/tool_cb_hdr.c,137,conv,
curl,curl-7.88.1/debian/build/src/tool_cb_hdr.c,148,conv,
curl,curl-7.88.1/debian/build/src/tool_cb_prg.c,235,conv,
curl,curl-7.88.1/debian/build/src/tool_cb_rea.c,70,conv,
curl,curl-7.88.1/debian/build/src/tool_cb_wrt.c,110,conv,
curl,curl-7.88.1/debian/build/src/tool_findfile.c,140,conv,
curl,curl-7.88.1/debian/build/src/tool_formparse.c,220,conv,
curl,curl-7.88.1/debian/build/src/tool_formparse.c,413,conv,
curl,curl-7.88.1/debian/build/src/tool_formparse.c,415,conv,
curl,curl-7.88.1/debian/build/src/tool_formparse.c,428,conv,
curl,curl-7.88.1/debian/build/src/tool_formparse.c,494,conv,
curl,curl-7.88.1/debian/build/src/tool_formparse.c,499,conv,
curl,curl-7.88.1/debian/build/src/tool_formparse.c,502,conv,
curl,curl-7.88.1/debian/build/src/tool_formparse.c,533,conv,
curl,curl-7.88.1/debian/build/src/tool_formparse.c,556,conv,
curl,curl-7.88.1/debian/build/src/tool_formparse.c,583,conv,
curl,curl-7.88.1/debian/build/src/tool_formparse.c,605,conv,
curl,curl-7.88.1/debian/build/src/tool_getparam.c,1119,conv,
curl,curl-7.88.1/debian/build/src/tool_getparam.c,1430,conv,
curl,curl-7.88.1/debian/build/src/tool_getparam.c,1466,conv,
curl,curl-7.88.1/debian/build/src/tool_getparam.c,1632,conv,
curl,curl-7.88.1/debian/build/src/tool_getparam.c,2235,conv,
curl,curl-7.88.1/debian/build/src/tool_getparam.c,2255,conv,
curl,curl-7.88.1/debian/build/src/tool_getparam.c,2409,conv,
curl,curl-7.88.1/debian/build/src/tool_getparam.c,2560,conv,
curl,curl-7.88.1/debian/build/src/tool_getparam.c,398,conv,
curl,curl-7.88.1/debian/build/src/tool_getparam.c,803,conv,
curl,curl-7.88.1/debian/build/src/tool_main.c,101,conv,
curl,curl-7.88.1/debian/build/src/tool_msgs.c,62,conv,
curl,curl-7.88.1/debian/build/src/tool_operate.c,1198,conv,
curl,curl-7.88.1/debian/build/src/tool_operate.c,2686,conv,
curl,curl-7.88.1/debian/build/src/tool_operate.c,408,conv,
curl,curl-7.88.1/debian/build/src/tool_operate.c,471,conv,
curl,curl-7.88.1/debian/build/src/tool_operate.c,477,conv,
curl,curl-7.88.1/debian/build/src/tool_operate.c,485,conv,
curl,curl-7.88.1/debian/build/src/tool_operate.c,882,conv,
curl,curl-7.88.1/debian/build/src/tool_operhlp.c,71,conv,
curl,curl-7.88.1/debian/build/src/tool_paramhlp.c,390,conv,
curl,curl-7.88.1/debian/build/src/tool_paramhlp.c,405,conv,
curl,curl-7.88.1/debian/build/src/tool_parsecfg.c,143,conv,
curl,curl-7.88.1/debian/build/src/tool_parsecfg.c,163,conv,
curl,curl-7.88.1/debian/build/src/tool_parsecfg.c,175,conv,
curl,curl-7.88.1/debian/build/src/tool_parsecfg.c,193,conv,
curl,curl-7.88.1/debian/build/src/tool_parsecfg.c,202,conv,
curl,curl-7.88.1/debian/build/src/tool_parsecfg.c,261,conv,
curl,curl-7.88.1/debian/build/src/tool_parsecfg.c,304,conv,
curl,curl-7.88.1/debian/build/src/tool_setopt.c,233,conv,
curl,curl-7.88.1/debian/build/src/tool_setopt.c,245,conv,
curl,curl-7.88.1/debian/build/src/tool_urlglob.c,269,conv,
curl,curl-7.88.1/debian/build/src/tool_urlglob.c,301,conv,
curl,curl-7.88.1/debian/build/src/tool_urlglob.c,303,conv,
curl,curl-7.88.1/debian/build/src/tool_urlglob.c,414,conv,
curl,curl-7.88.1/debian/build/src/tool_urlglob.c,630,conv,
curl,curl-7.88.1/debian/build/src/tool_writeout.c,248,conv,
curl,curl-7.88.1/debian/build/src/tool_writeout.c,413,conv,
curl,curl-7.88.1/debian/build/src/tool_writeout_json.c,88,conv,
distro-info,distro-info-1.5+deb12u1/distro-info-util.c,107,conv,
distro-info,distro-info-1.5+deb12u1/distro-info-util.c,108,conv,
distro-info,distro-info-1.5+deb12u1/distro-info-util.c,110,conv,
distro-info,distro-info-1.5+deb12u1/distro-info-util.c,117,conv,
distro-info,distro-info-1.5+deb12u1/distro-info-util.c,174,conv,
distro-info,distro-info-1.5+deb12u1/distro-info-util.c,180,conv,
distro-info,distro-info-1.5+deb12u1/distro-info-util.c,186,conv,
distro-info,distro-info-1.5+deb12u1/distro-info-util.c,191,conv,
distro-info,distro-info-1.5+deb12u1/distro-info-util.c,203,conv,
distro-info,distro-info-1.5+deb12u1/distro-info-util.c,209,conv,
distro-info,distro-info-1.5+deb12u1/distro-info-util.c,312,conv,
distro-info,distro-info-1.5+deb12u1/distro-info-util.c,57,conv,
grep,grep-3.8/lib/basename-lgpl.c,59,conv,
grep,grep-3.8/lib/closeout.c,134,conv,
grep,grep-3.8/lib/cycle-check.c,60,conv,
grep,grep-3.8/lib/cycle-check.c,65,conv,
grep,grep-3.8/lib/dfa.c,1010,conv,
grep,grep-3.8/lib/dfa.c,1076,conv,
grep,grep-3.8/lib/dfa.c,1552,conv,
grep,grep-3.8/lib/dfa.c,1553,conv,
grep,grep-3.8/lib/dfa.c,1965,conv,
grep,grep-3.8/lib/dfa.c,1966,conv,
grep,grep-3.8/lib/dfa.c,2006,conv,
grep,grep-3.8/lib/dfa.c,2007,conv,
grep,grep-3.8/lib/dfa.c,2142,conv,
grep,grep-3.8/lib/dfa.c,3281,conv,
grep,grep-3.8/lib/dfa.c,3667,conv,
grep,grep-3.8/lib/dfa.c,4224,conv,
grep,grep-3.8/lib/dfa.c,4401,conv,
grep,grep-3.8/lib/exclude.c,147,conv,
grep,grep-3.8/lib/exclude.c,260,conv,
grep,grep-3.8/lib/exclude.c,284,conv,
grep,grep-3.8/lib/exclude.c,549,conv,
grep,grep-3.8/lib/fts-cycle.c,37,conv,
grep,grep-3.8/lib/fts.c,1071,conv,
grep,grep-3.8/lib/fts.c,1098,conv,
grep,grep-3.8/lib/fts.c,1099,conv,
grep,grep-3.8/lib/fts.c,1305,conv,
grep,grep-3.8/lib/fts.c,1386,conv,
grep,grep-3.8/lib/fts.c,1436,conv,
grep,grep-3.8/lib/fts.c,1501,conv,
grep,grep-3.8/lib/fts.c,1587,conv,
grep,grep-3.8/lib/fts.c,1588,conv,
grep,grep-3.8/lib/fts.c,1770,conv,
grep,grep-3.8/lib/fts.c,2007,conv,
grep,grep-3.8/lib/fts.c,2016,conv,
grep,grep-3.8/lib/fts.c,2021,conv,
grep,grep-3.8/lib/fts.c,2053,conv,
grep,grep-3.8/lib/fts.c,309,conv,
grep,grep-3.8/lib/fts.c,440,conv,
grep,grep-3.8/lib/fts.c,462,conv,
grep,grep-3.8/lib/fts.c,844,conv,
grep,grep-3.8/lib/fts.c,885,conv,
grep,grep-3.8/lib/fts.c,898,conv,
grep,grep-3.8/lib/hash.c,1011,conv,
grep,grep-3.8/lib/localeinfo.c,70,conv,
grep,grep-3.8/lib/mbchar.h,245,conv,
grep,grep-3.8/lib/mbuiter.h,143,conv,
grep,grep-3.8/lib/mbuiter.h,171,conv,
grep,grep-3.8/lib/mbuiter.h,172,conv,
grep,grep-3.8/lib/quotearg.c,405,conv,
grep,grep-3.8/lib/quotearg.c,647,conv,
grep,grep-3.8/lib/sigsegv.c,1070,conv,
grep,grep-3.8/lib/stackvma.c,359,conv,
grep,grep-3.8/lib/version-etc.c,208,conv,
grep,grep-3.8/lib/xmalloc.c,256,conv,
grep,grep-3.8/lib/xstrtol.c,153,conv,
grep,grep-3.8/lib/xstrtol.c,85,conv,
grep,grep-3.8/src/dfasearch.c,410,conv,
grep,grep-3.8/src/dfasearch.c,415,conv,
grep,grep-3.8/src/grep.c,1026,conv,
grep,grep-3.8/src/grep.c,1219,conv,
grep,grep-3.8/src/grep.c,1312,conv,
grep,grep-3.8/src/grep.c,1430,conv,
grep,grep-3.8/src/grep.c,1603,conv,
grep,grep-3.8/src/grep.c,1666,conv,
grep,grep-3.8/src/grep.c,1667,conv,
grep,grep-3.8/src/grep.c,1677,conv,
grep,grep-3.8/src/grep.c,1805,conv,
grep,grep-3.8/src/grep.c,1811,conv,
grep,grep-3.8/src/grep.c,1812,conv,
grep,grep-3.8/src/grep.c,1813,conv,
grep,grep-3.8/src/grep.c,1906,conv,
grep,grep-3.8/src/grep.c,2400,conv,
grep,grep-3.8/src/grep.c,2857,conv,
grep,grep-3.8/src/grep.c,2960,conv,
grep,grep-3.8/src/grep.c,2985,conv,
grep,grep-3.8/src/grep.c,621,conv,
grep,grep-3.8/src/grep.c,796,conv,
grep,grep-3.8/src/grep.c,800,conv,
grep,grep-3.8/src/kwset.c,677,conv,
gzip,gzip-1.12/deflate.c,470,conv,
gzip,gzip-1.12/deflate.c,473,conv,
gzip,gzip-1.12/deflate.c,493,conv,
gzip,gzip-1.12/deflate.c,609,conv,
gzip,gzip-1.12/deflate.c,704,conv,
gzip,gzip-1.12/deflate.c,798,conv,
gzip,gzip-1.12/deflate.c,810,conv,
gzip,gzip-1.12/gzip.c,1191,conv,
gzip,gzip-1.12/gzip.c,1707,conv,
gzip,gzip-1.12/gzip.c,1842,conv,
gzip,gzip-1.12/gzip.c,1935,conv,
gzip,gzip-1.12/gzip.c,1936,conv,
gzip,gzip-1.12/gzip.c,437,conv,
gzip,gzip-1.12/gzip.c,473,conv,
gzip,gzip-1.12/gzip.c,658,conv,
gzip,gzip-1.12/gzip.c,734,conv,
gzip,gzip-1.12/gzip.c,759,conv,
gzip,gzip-1.12/gzip.c,762,conv,
gzip,gzip-1.12/gzip.c,854,conv,
gzip,gzip-1.12/lib/basename-lgpl.c,59,conv,
gzip,gzip-1.12/lib/utimens.c,394,conv,
gzip,gzip-1.12/lib/xmalloc.c,256,conv,
gzip,gzip-1.12/trees.c,468,conv,
iproute2,iproute2-6.1.0/ip/ip6tunnel.c,335,conv,
iproute2,iproute2-6.1.0/ip/ip6tunnel.c,337,conv,
iproute2,iproute2-6.1.0/ip/ip6tunnel.c,338,conv,
iproute2,iproute2-6.1.0/ip/ip6tunnel.c,339,conv,
iproute2,iproute2-6.1.0/ip/ip6tunnel.c,340,conv,
iproute2,iproute2-6.1.0/ip/ip6tunnel.c,347,conv,
iproute2,iproute2-6.1.0/ip/ipfou.c,242,conv,
iproute2,iproute2-6.1.0/ip/ipioam6.c,116,conv,
iproute2,iproute2-6.1.0/ip/ipioam6.c,139,conv,
iproute2,iproute2-6.1.0/ip/ipl2tp.c,247,conv,
iproute2,iproute2-6.1.0/ip/iplink.c,1107,conv,
iproute2,iproute2-6.1.0/ip/iplink_bridge.c,887,conv,
iproute2,iproute2-6.1.0/ip/iplink_geneve.c,145,conv,
iproute2,iproute2-6.1.0/ip/iplink_geneve.c,202,conv,
iproute2,iproute2-6.1.0/ip/iplink_geneve.c,230,conv,
iproute2,iproute2-6.1.0/ip/iplink_geneve.c,232,conv,
iproute2,iproute2-6.1.0/ip/iplink_geneve.c,234,conv,
iproute2,iproute2-6.1.0/ip/iplink_geneve.c,281,conv,
iproute2,iproute2-6.1.0/ip/iplink_geneve.c,292,conv,
iproute2,iproute2-6.1.0/ip/iplink_hsr.c,65,conv,
iproute2,iproute2-6.1.0/ip/iplink_hsr.c,72,conv,
iproute2,iproute2-6.1.0/ip/iplink_ipoib.c,112,conv,
iproute2,iproute2-6.1.0/ip/iplink_ipvlan.c,89,conv,
iproute2,iproute2-6.1.0/ip/iplink_macvlan.c,132,conv,
iproute2,iproute2-6.1.0/ip/iplink_macvlan.c,190,conv,
iproute2,iproute2-6.1.0/ip/iplink_macvlan.c,222,conv,
iproute2,iproute2-6.1.0/ip/iplink_vxlan.c,200,conv,
iproute2,iproute2-6.1.0/ip/iplink_vxlan.c,360,conv,
iproute2,iproute2-6.1.0/ip/iplink_vxlan.c,416,conv,
iproute2,iproute2-6.1.0/ip/iplink_vxlan.c,434,conv,
iproute2,iproute2-6.1.0/ip/iplink_vxlan.c,439,conv,
iproute2,iproute2-6.1.0/ip/iplink_vxlan.c,468,conv,
iproute2,iproute2-6.1.0/ip/iplink_vxlan.c,498,conv,
iproute2,iproute2-6.1.0/ip/iplink_vxlan.c,565,conv,
iproute2,iproute2-6.1.0/ip/iplink_vxlan.c,604,conv,
iproute2,iproute2-6.1.0/ip/iplink_vxlan.c,648,conv,
iproute2,iproute2-6.1.0/ip/iplink_vxlan.c,652,conv,
iproute2,iproute2-6.1.0/ip/iplink_xstats.c,59,conv,
iproute2,iproute2-6.1.0/ip/ipmacsec.c,344,conv,
iproute2,iproute2-6.1.0/ip/ipmacsec.c,544,conv,
iproute2,iproute2-6.1.0/ip/ipmacsec.c,626,conv,
iproute2,iproute2-6.1.0/ip/ipmacsec.c,628,conv,
iproute2,iproute2-6.1.0/ip/ipmacsec.c,644,conv,
iproute2,iproute2-6.1.0/ip/ipmonitor.c,326,conv,
iproute2,iproute2-6.1.0/ip/ipmonitor.c,332,conv,
iproute2,iproute2-6.1.0/ip/ipneigh.c,193,conv,
iproute2,iproute2-6.1.0/ip/ipnetns.c,1045,conv,
iproute2,iproute2-6.1.0/ip/ipnetns.c,1046,conv,
iproute2,iproute2-6.1.0/ip/ipnexthop.c,614,conv,
iproute2,iproute2-6.1.0/ip/ipnexthop.c,886,conv,
iproute2,iproute2-6.1.0/ip/iproute.c,1515,conv,
iproute2,iproute2-6.1.0/ip/iproute.c,1762,conv,
iproute2,iproute2-6.1.0/ip/iproute.c,2256,conv,
iproute2,iproute2-6.1.0/ip/iproute.c,2259,conv,
iproute2,iproute2-6.1.0/ip/iproute.c,280,conv,
iproute2,iproute2-6.1.0/ip/iproute.c,283,conv,
iproute2,iproute2-6.1.0/ip/iproute.c,287,conv,
iproute2,iproute2-6.1.0/ip/iproute.c,291,conv,
iproute2,iproute2-6.1.0/ip/iproute.c,343,conv,
iproute2,iproute2-6.1.0/ip/iproute_lwtunnel.c,1234,conv,
iproute2,iproute2-6.1.0/ip/iproute_lwtunnel.c,321,conv,
iproute2,iproute2-6.1.0/ip/iproute_lwtunnel.c,717,conv,
iproute2,iproute2-6.1.0/ip/iproute_lwtunnel.c,719,conv,
iproute2,iproute2-6.1.0/ip/iproute_lwtunnel.c,721,conv,
iproute2,iproute2-6.1.0/ip/iproute_lwtunnel.c,792,conv,
iproute2,iproute2-6.1.0/ip/iproute_lwtunnel.c,794,conv,
iproute2,iproute2-6.1.0/ip/iproute_lwtunnel.c,796,conv,
iproute2,iproute2-6.1.0/ip/iproute_lwtunnel.c,851,conv,
iproute2,iproute2-6.1.0/ip/iprule.c,104,conv,
iproute2,iproute2-6.1.0/ip/iprule.c,105,conv,
iproute2,iproute2-6.1.0/ip/iprule.c,310,conv,
iproute2,iproute2-6.1.0/ip/ipseg6.c,121,conv,
iproute2,iproute2-6.1.0/ip/ipseg6.c,152,conv,
iproute2,iproute2-6.1.0/ip/ipstats.c,249,conv,
iproute2,iproute2-6.1.0/ip/ipstats.c,82,conv,
iproute2,iproute2-6.1.0/ip/ipstats.c,83,conv,
iproute2,iproute2-6.1.0/ip/ipstats.c,85,conv,
iproute2,iproute2-6.1.0/ip/ipstats.c,990,conv,
iproute2,iproute2-6.1.0/ip/iptunnel.c,208,conv,
iproute2,iproute2-6.1.0/ip/iptunnel.c,242,conv,
iproute2,iproute2-6.1.0/ip/iptunnel.c,399,conv,
iproute2,iproute2-6.1.0/ip/iptunnel.c,402,conv,
iproute2,iproute2-6.1.0/ip/iptuntap.c,501,conv,
iproute2,iproute2-6.1.0/ip/ipvrf.c,168,conv,
iproute2,iproute2-6.1.0/ip/ipvrf.c,169,conv,
iproute2,iproute2-6.1.0/ip/ipxfrm.c,89,conv,
iproute2,iproute2-6.1.0/ip/ipxfrm.c,95,conv,
iproute2,iproute2-6.1.0/ip/link_gre.c,491,conv,
iproute2,iproute2-6.1.0/ip/link_gre.c,496,conv,
iproute2,iproute2-6.1.0/ip/link_gre.c,501,conv,
iproute2,iproute2-6.1.0/ip/link_gre.c,503,conv,
iproute2,iproute2-6.1.0/ip/link_gre.c,505,conv,
iproute2,iproute2-6.1.0/ip/link_gre.c,507,conv,
iproute2,iproute2-6.1.0/ip/link_gre6.c,538,conv,
iproute2,iproute2-6.1.0/ip/link_gre6.c,543,conv,
iproute2,iproute2-6.1.0/ip/link_gre6.c,548,conv,
iproute2,iproute2-6.1.0/ip/link_gre6.c,550,conv,
iproute2,iproute2-6.1.0/ip/link_gre6.c,552,conv,
iproute2,iproute2-6.1.0/ip/link_gre6.c,554,conv,
iproute2,iproute2-6.1.0/ip/link_ip6tnl.c,356,conv,
iproute2,iproute2-6.1.0/ip/link_iptnl.c,374,conv,
iproute2,iproute2-6.1.0/ip/link_iptnl.c,430,conv,
iproute2,iproute2-6.1.0/ip/tcp_metrics.c,203,conv,
iproute2,iproute2-6.1.0/ip/tcp_metrics.c,229,conv,
iproute2,iproute2-6.1.0/ip/tunnel.c,309,conv,
iproute2,iproute2-6.1.0/ip/tunnel.c,313,conv,
iproute2,iproute2-6.1.0/ip/tunnel.c,315,conv,
iproute2,iproute2-6.1.0/ip/tunnel.c,323,conv,
iproute2,iproute2-6.1.0/ip/tunnel.c,329,conv,
iproute2,iproute2-6.1.0/ip/tunnel.c,335,conv,
iproute2,iproute2-6.1.0/ip/tunnel.c,341,conv,
iproute2,iproute2-6.1.0/ip/xfrm_state.c,541,conv,
iproute2,iproute2-6.1.0/ip/xfrm_state.c,670,conv,
iproute2,iproute2-6.1.0/lib/bpf_legacy.c,106,conv,
iproute2,iproute2-6.1.0/lib/bpf_legacy.c,113,conv,
iproute2,iproute2-6.1.0/lib/bpf_legacy.c,1798,conv,
iproute2,iproute2-6.1.0/lib/bpf_legacy.c,1799,conv,
iproute2,iproute2-6.1.0/lib/bpf_legacy.c,1892,conv,
iproute2,iproute2-6.1.0/lib/bpf_legacy.c,1893,conv,
iproute2,iproute2-6.1.0/lib/bpf_legacy.c,1973,conv,
iproute2,iproute2-6.1.0/lib/bpf_legacy.c,1974,conv,
iproute2,iproute2-6.1.0/lib/bpf_legacy.c,679,conv,
iproute2,iproute2-6.1.0/lib/json_writer.c,107,conv,
iproute2,iproute2-6.1.0/lib/json_writer.c,130,conv,
iproute2,iproute2-6.1.0/lib/libnetlink.c,1090,conv,
iproute2,iproute2-6.1.0/lib/ll_addr.c,35,conv,
iproute2,iproute2-6.1.0/lib/ll_addr.c,36,conv,
iproute2,iproute2-6.1.0/lib/utils.c,1104,conv,
iproute2,iproute2-6.1.0/lib/utils.c,518,conv,
iproute2,iproute2-6.1.0/lib/utils.c,528,conv,
iproute2,iproute2-6.1.0/lib/utils.c,634,conv,
iproute2,iproute2-6.1.0/lib/utils.c,985,conv,
lz4,lz4-1.9.4/lib/lz4.c,450,conv,
lz4,lz4-1.9.4/lib/lz4.c,665,conv,
lz4,lz4-1.9.4/lib/lz4.c,673,conv,
lz4,lz4-1.9.4/lib/lz4.c,678,conv,
lz4,lz4-1.9.4/lib/lz4.c,679,conv,
lz4,lz4-1.9.4/lib/lz4.c,680,conv,
lz4,lz4-1.9.4/lib/lz4frame.c,1587,conv,
lz4,lz4-1.9.4/lib/lz4frame.c,729,conv,
lz4,lz4-1.9.4/lib/lz4hc.c,1295,conv,
lz4,lz4-1.9.4/lib/lz4hc.c,131,conv,
lz4,lz4-1.9.4/lib/lz4hc.c,1320,conv,
lz4,lz4-1.9.4/lib/lz4hc.c,1321,conv,
lz4,lz4-1.9.4/lib/lz4hc.c,1322,conv,
lz4,lz4-1.9.4/lib/lz4hc.c,134,conv,
lz4,lz4-1.9.4/lib/lz4hc.c,155,conv,
lz4,lz4-1.9.4/lib/lz4hc.c,1560,conv,
lz4,lz4-1.9.4/lib/lz4hc.c,278,conv,
lz4,lz4-1.9.4/lib/lz4hc.c,282,conv,
lz4,lz4-1.9.4/lib/lz4hc.c,284,conv,
lz4,lz4-1.9.4/lib/lz4hc.c,288,conv,
lz4,lz4-1.9.4/lib/lz4hc.c,289,conv,
lz4,lz4-1.9.4/lib/lz4hc.c,290,conv,
lz4,lz4-1.9.4/lib/lz4hc.c,293,conv,
lz4,lz4-1.9.4/lib/lz4hc.c,302,conv,
lz4,lz4-1.9.4/lib/lz4hc.c,305,conv,
lz4,lz4-1.9.4/lib/lz4hc.c,307,conv,
lz4,lz4-1.9.4/lib/lz4hc.c,309,conv,
lz4,lz4-1.9.4/lib/lz4hc.c,311,conv,
lz4,lz4-1.9.4/lib/lz4hc.c,317,conv,
lz4,lz4-1.9.4/lib/lz4hc.c,319,conv,
lz4,lz4-1.9.4/lib/lz4hc.c,326,conv,
lz4,lz4-1.9.4/lib/lz4hc.c,329,conv,
lz4,lz4-1.9.4/lib/lz4hc.c,334,conv,
lz4,lz4-1.9.4/lib/lz4hc.c,335,conv,
lz4,lz4-1.9.4/lib/lz4hc.c,341,conv,
lz4,lz4-1.9.4/lib/lz4hc.c,344,conv,
lz4,lz4-1.9.4/lib/lz4hc.c,352,conv,
lz4,lz4-1.9.4/lib/lz4hc.c,353,conv,
lz4,lz4-1.9.4/lib/lz4hc.c,355,conv,
lz4,lz4-1.9.4/lib/lz4hc.c,356,conv,
lz4,lz4-1.9.4/lib/lz4hc.c,357,conv,
lz4,lz4-1.9.4/lib/lz4hc.c,359,conv,
lz4,lz4-1.9.4/lib/lz4hc.c,363,conv,
lz4,lz4-1.9.4/lib/lz4hc.c,366,conv,
lz4,lz4-1.9.4/lib/lz4hc.c,367,conv,
lz4,lz4-1.9.4/lib/lz4hc.c,368,conv,
lz4,lz4-1.9.4/lib/lz4hc.c,377,conv,
lz4,lz4-1.9.4/lib/lz4hc.c,378,conv,
lz4,lz4-1.9.4/lib/lz4hc.c,380,conv,
lz4,lz4-1.9.4/lib/lz4hc.c,389,conv,
lz4,lz4-1.9.4/lib/lz4hc.c,394,conv,
lz4,lz4-1.9.4/lib/lz4hc.c,396,conv,
lz4,lz4-1.9.4/lib/lz4hc.c,398,conv,
lz4,lz4-1.9.4/lib/lz4hc.c,405,conv,
lz4,lz4-1.9.4/lib/lz4hc.c,417,conv,
lz4,lz4-1.9.4/lib/lz4hc.c,418,conv,
lz4,lz4-1.9.4/lib/lz4hc.c,419,conv,
lz4,lz4-1.9.4/lib/lz4hc.c,424,conv,
lz4,lz4-1.9.4/lib/lz4hc.c,427,conv,
lz4,lz4-1.9.4/lib/lz4hc.c,431,conv,
lz4,lz4-1.9.4/lib/lz4hc.c,433,conv,
lz4,lz4-1.9.4/lib/lz4hc.c,435,conv,
lz4,lz4-1.9.4/lib/lz4hc.c,504,conv,
lz4,lz4-1.9.4/lib/lz4hc.c,509,conv,
lz4,lz4-1.9.4/lib/lz4hc.c,512,conv,
lz4,lz4-1.9.4/lib/lz4hc.c,529,conv,
lz4,lz4-1.9.4/lib/lz4hc.c,533,conv,
lz4,lz4-1.9.4/lib/lz4hc.c,536,conv,
lz4,lz4-1.9.4/lib/lz4hc.c,537,conv,
lz4,lz4-1.9.4/lib/lz4hc.c,589,conv,
lz4,lz4-1.9.4/lib/lz4hc.c,592,conv,
lz4,lz4-1.9.4/lib/lz4hc.c,594,conv,
lz4,lz4-1.9.4/lib/lz4hc.c,600,conv,
lz4,lz4-1.9.4/lib/lz4hc.c,608,conv,
lz4,lz4-1.9.4/lib/lz4hc.c,610,conv,
lz4,lz4-1.9.4/lib/lz4hc.c,614,conv,
lz4,lz4-1.9.4/lib/lz4hc.c,615,conv,
lz4,lz4-1.9.4/lib/lz4hc.c,620,conv,
lz4,lz4-1.9.4/lib/lz4hc.c,631,conv,
lz4,lz4-1.9.4/lib/lz4hc.c,634,conv,
lz4,lz4-1.9.4/lib/lz4hc.c,635,conv,
lz4,lz4-1.9.4/lib/lz4hc.c,637,conv,
lz4,lz4-1.9.4/lib/lz4hc.c,645,conv,
lz4,lz4-1.9.4/lib/lz4hc.c,653,conv,
lz4,lz4-1.9.4/lib/lz4hc.c,655,conv,
lz4,lz4-1.9.4/lib/lz4hc.c,658,conv,
lz4,lz4-1.9.4/lib/lz4hc.c,661,conv,
lz4,lz4-1.9.4/lib/lz4hc.c,669,conv,
lz4,lz4-1.9.4/lib/lz4hc.c,670,conv,
lz4,lz4-1.9.4/lib/lz4hc.c,671,conv,
lz4,lz4-1.9.4/lib/lz4hc.c,676,conv,
lz4,lz4-1.9.4/lib/lz4hc.c,684,conv,
lz4,lz4-1.9.4/lib/lz4hc.c,706,conv,
lz4,lz4-1.9.4/lib/lz4hc.c,707,conv,
lz4,lz4-1.9.4/lib/lz4hc.c,709,conv,
lz4,lz4-1.9.4/lib/lz4hc.c,710,conv,
lz4,lz4-1.9.4/lib/lz4hc.c,712,conv,
lz4,lz4-1.9.4/lib/lz4hc.c,722,conv,
lz4,lz4-1.9.4/lib/lz4hc.c,739,conv,
lz4,lz4-1.9.4/lib/lz4hc.c,740,conv,
lz4,lz4-1.9.4/lib/lz4hc.c,741,conv,
lz4,lz4-1.9.4/lib/lz4hc.c,750,conv,
lz4,lz4-1.9.4/lib/lz4hc.c,753,conv,
lz4,lz4-1.9.4/lib/lz4hc.c,767,conv,
lz4,lz4-1.9.4/lib/lz4hc.c,775,conv,
lz4,lz4-1.9.4/lib/lz4hc.c,780,conv,
lz4,lz4-1.9.4/lib/lz4hc.c,781,conv,
lz4,lz4-1.9.4/lib/lz4hc.c,836,conv,
lz4,lz4-1.9.4/lib/lz4hc.c,837,conv,
lz4,lz4-1.9.4/lib/lz4hc.c,840,conv,
lz4,lz4-1.9.4/lib/lz4hc.c,846,conv,
lz4,lz4-1.9.4/lib/lz4hc.c,858,conv,
lz4,lz4-1.9.4/lib/xxhash.c,236,conv,
lz4,lz4-1.9.4/lib/xxhash.c,237,conv,
lz4,lz4-1.9.4/lib/xxhash.c,239,conv,
lz4,lz4-1.9.4/lib/xxhash.c,306,conv,
lz4,lz4-1.9.4/lib/xxhash.c,310,conv,
lz4,lz4-1.9.4/lib/xxhash.c,312,conv,
lz4,lz4-1.9.4/lib/xxhash.c,315,conv,
lz4,lz4-1.9.4/lib/xxhash.c,317,conv,
lz4,lz4-1.9.4/lib/xxhash.c,319,conv,
lz4,lz4-1.9.4/lib/xxhash.c,323,conv,
lz4,lz4-1.9.4/lib/xxhash.c,325,conv,
lz4,lz4-1.9.4/lib/xxhash.c,327,conv,
lz4,lz4-1.9.4/lib/xxhash.c,332,conv,
lz4,lz4-1.9.4/lib/xxhash.c,334,conv,
lz4,lz4-1.9.4/lib/xxhash.c,336,conv,
lz4,lz4-1.9.4/lib/xxhash.c,366,conv,
lz4,lz4-1.9.4/lib/xxhash.c,378,conv,
lz4,lz4-1.9.4/lib/xxhash.c,454,conv,
lz4,lz4-1.9.4/lib/xxhash.c,467,conv,
lz4,lz4-1.9.4/lib/xxhash.c,473,conv,
lz4,lz4-1.9.4/lib/xxhash.c,485,conv,
lz4,lz4-1.9.4/lib/xxhash.c,497,conv,
lz4,lz4-1.9.4/lib/xxhash.c,505,conv,
lz4,lz4-1.9.4/lib/xxhash.c,531,conv,
lz4,lz4-1.9.4/lib/xxhash.c,647,conv,
lz4,lz4-1.9.4/lib/xxhash.c,648,conv,
lz4,lz4-1.9.4/lib/xxhash.c,650,conv,
lz4,lz4-1.9.4/lib/xxhash.c,723,conv,
lz4,lz4-1.9.4/lib/xxhash.c,825,conv,
lz4,lz4-1.9.4/lib/xxhash.c,837,conv,
lz4,lz4-1.9.4/lib/xxhash.c,914,conv,
lz4,lz4-1.9.4/lib/xxhash.c,926,conv,
lz4,lz4-1.9.4/lib/xxhash.c,932,conv,
lz4,lz4-1.9.4/lib/xxhash.c,942,conv,
lz4,lz4-1.9.4/lib/xxhash.c,954,conv,
lz4,lz4-1.9.4/lib/xxhash.c,962,conv,
lz4,lz4-1.9.4/lib/xxhash.c,985,conv,
lz4,lz4-1.9.4/programs/bench.c,473,conv,
lz4,lz4-1.9.4/programs/bench.c,476,conv,
lz4,lz4-1.9.4/programs/bench.c,534,conv,
lz4,lz4-1.9.4/programs/bench.c,537,conv,
lz4,lz4-1.9.4/programs/bench.c,674,conv,
lz4,lz4-1.9.4/programs/bench.c,681,conv,
lz4,lz4-1.9.4/programs/bench.c,688,conv,
lz4,lz4-1.9.4/programs/bench.c,701,conv,
lz4,lz4-1.9.4/programs/bench.c,705,conv,
lz4,lz4-1.9.4/programs/bench.c,715,conv,
lz4,lz4-1.9.4/programs/bench.c,743,conv,
lz4,lz4-1.9.4/programs/bench.c,818,conv,
lz4,lz4-1.9.4/programs/datagen.c,83,conv,
lz4,lz4-1.9.4/programs/lz4cli.c,508,conv,
lz4,lz4-1.9.4/programs/lz4cli.c,635,conv,
lz4,lz4-1.9.4/programs/lz4cli.c,644,conv,
lz4,lz4-1.9.4/programs/lz4cli.c,668,conv,
lz4,lz4-1.9.4/programs/lz4cli.c,711,conv,
lz4,lz4-1.9.4/programs/lz4cli.c,721,conv,
lz4,lz4-1.9.4/programs/lz4cli.c,752,conv,
lz4,lz4-1.9.4/programs/lz4cli.c,771,conv,
lz4,lz4-1.9.4/programs/lz4io.c,1032,conv,
lz4,lz4-1.9.4/programs/lz4io.c,1042,conv,
lz4,lz4-1.9.4/programs/lz4io.c,1049,conv,
lz4,lz4-1.9.4/programs/lz4io.c,1060,conv,
lz4,lz4-1.9.4/programs/lz4io.c,1077,conv,
lz4,lz4-1.9.4/programs/lz4io.c,1129,conv,
lz4,lz4-1.9.4/programs/lz4io.c,1132,conv,
lz4,lz4-1.9.4/programs/lz4io.c,1163,conv,
lz4,lz4-1.9.4/programs/lz4io.c,1183,conv,
lz4,lz4-1.9.4/programs/lz4io.c,1285,conv,
lz4,lz4-1.9.4/programs/lz4io.c,1377,conv,
lz4,lz4-1.9.4/programs/lz4io.c,1394,conv,
lz4,lz4-1.9.4/programs/lz4io.c,1480,conv,
lz4,lz4-1.9.4/programs/lz4io.c,151,conv,
lz4,lz4-1.9.4/programs/lz4io.c,1537,conv,
lz4,lz4-1.9.4/programs/lz4io.c,1597,conv,
lz4,lz4-1.9.4/programs/lz4io.c,1604,conv,
lz4,lz4-1.9.4/programs/lz4io.c,1726,conv,
lz4,lz4-1.9.4/programs/lz4io.c,330,conv,
lz4,lz4-1.9.4/programs/lz4io.c,343,conv,
lz4,lz4-1.9.4/programs/lz4io.c,372,conv,
lz4,lz4-1.9.4/programs/lz4io.c,454,conv,
lz4,lz4-1.9.4/programs/lz4io.c,459,conv,
lz4,lz4-1.9.4/programs/lz4io.c,465,conv,
lz4,lz4-1.9.4/programs/lz4io.c,466,conv,
lz4,lz4-1.9.4/programs/lz4io.c,471,conv,
lz4,lz4-1.9.4/programs/lz4io.c,566,conv,
lz4,lz4-1.9.4/programs/lz4io.c,567,conv,
lz4,lz4-1.9.4/programs/lz4io.c,570,conv,
lz4,lz4-1.9.4/programs/lz4io.c,599,conv,
lz4,lz4-1.9.4/programs/lz4io.c,618,conv,
lz4,lz4-1.9.4/programs/lz4io.c,630,conv,
lz4,lz4-1.9.4/programs/lz4io.c,637,conv,
lz4,lz4-1.9.4/programs/lz4io.c,653,conv,
lz4,lz4-1.9.4/programs/lz4io.c,701,conv,
lz4,lz4-1.9.4/programs/lz4io.c,725,conv,
lz4,lz4-1.9.4/programs/lz4io.c,747,conv,
lz4,lz4-1.9.4/programs/lz4io.c,893,conv,
lz4,lz4-1.9.4/programs/lz4io.c,900,conv,
lz4,lz4-1.9.4/programs/lz4io.c,917,conv,
lz4,lz4-1.9.4/programs/lz4io.c,923,conv,
lz4,lz4-1.9.4/programs/lz4io.c,937,conv,
lz4,lz4-1.9.4/programs/lz4io.c,940,conv,
lz4,lz4-1.9.4/programs/lz4io.c,970,conv,
lz4,lz4-1.9.4/programs/lz4io.c,979,conv,
lz4,lz4-1.9.4/programs/lz4io.c,990,conv,
lz4,lz4-1.9.4/programs/lz4io.c,994,conv,
lz4,lz4-1.9.4/programs/lz4io.c,999,conv,
lz4,lz4-1.9.4/programs/util.h,204,conv,
lz4,lz4-1.9.4/programs/util.h,650,conv,
lz4,lz4-1.9.4/programs/util.h,658,conv,
lzma,lzma-9.22/C/CpuArch.c,136,conv,
lzma,lzma-9.22/C/CpuArch.c,138,conv,
lzma,lzma-9.22/C/CpuArch.c,139,conv,
lzma,lzma-9.22/C/CpuArch.c,140,conv,
lzma,lzma-9.22/C/LzmaDec.c,174,conv,
lzma,lzma-9.22/C/LzmaDec.c,519,conv,
lzma,lzma-9.22/C/LzmaEnc.c,1584,conv,
lzma,lzma-9.22/C/LzmaEnc.c,72,conv,
lzma,lzma-9.22/C/LzmaEnc.c,74,conv,
lzma,lzma-9.22/C/LzmaEnc.c,76,conv,
lzma,lzma-9.22/CPP/7zip/Bundles/LzmaCon/lzmp.cpp,399,conv,
lzma,lzma-9.22/CPP/7zip/Bundles/LzmaCon/lzmp.cpp,416,conv,
lzma,lzma-9.22/CPP/7zip/Bundles/LzmaCon/lzmp.cpp,440,conv,
lzma,lzma-9.22/CPP/7zip/Bundles/LzmaCon/lzmp.cpp,444,conv,
lzma,lzma-9.22/CPP/7zip/Bundles/LzmaCon/lzmp.cpp,451,conv,
lzma,lzma-9.22/CPP/7zip/Bundles/LzmaCon/lzmp.cpp,459,conv,
lzma,lzma-9.22/CPP/7zip/Common/CWrappers.cpp,33,conv,
lzma,lzma-9.22/CPP/7zip/Common/CWrappers.cpp,87,conv,
lzma,lzma-9.22/CPP/7zip/Compress/LzmaDecoder.cpp,13,conv,
lzma,lzma-9.22/CPP/7zip/Compress/LzmaEncoder.cpp,150,conv,
lzma,lzma-9.22/CPP/7zip/Compress/LzmaEncoder.cpp,99,conv,
lzma,lzma-9.22/CPP/Common/MyString.h,115,conv,
lzma,lzma-9.22/CPP/Common/MyString.h,123,conv,
lzma,lzma-9.22/CPP/Common/MyString.h,125,conv,
lzma,lzma-9.22/CPP/Common/MyString.h,137,conv,
lzma,lzma-9.22/CPP/Common/MyString.h,140,conv,
lzma,lzma-9.22/CPP/Common/MyString.h,142,conv,
lzma,lzma-9.22/CPP/Common/MyString.h,146,conv,
lzo2,lzo2-2.10/src/lzo1b_9x.c,173,conv,
lzo2,lzo2-2.10/src/lzo1b_9x.c,174,conv,
lzo2,lzo2-2.10/src/lzo1c_9x.c,175,conv,
lzo2,lzo2-2.10/src/lzo1c_9x.c,176,conv,
lzo2,lzo2-2.10/src/lzo1f_9x.c,186,conv,
lzo2,lzo2-2.10/src/lzo1f_9x.c,187,conv,
lzo2,lzo2-2.10/src/lzo1f_9x.c,221,conv,
lzo2,lzo2-2.10/src/lzo1f_9x.c,228,conv,
lzo2,lzo2-2.10/src/lzo1x_9x.c,621,conv,
lzo2,lzo2-2.10/src/lzo1x_9x.c,623,conv,
lzo2,lzo2-2.10/src/lzo_init.c,221,conv,
lzo2,lzo2-2.10/src/lzo_init.c,222,conv,
lzo2,lzo2-2.10/src/lzo_swd.ch,399,conv,
mawk,mawk-1.3.4.20200120/array.c,297,conv,
mawk,mawk-1.3.4.20200120/array.c,318,conv,
mawk,mawk-1.3.4.20200120/fcall.c,116,conv,
mawk,mawk-1.3.4.20200120/fcall.c,194,conv,
mawk,mawk-1.3.4.20200120/fcall.c,202,conv,
mawk,mawk-1.3.4.20200120/fcall.c,340,conv,
mawk,mawk-1.3.4.20200120/fcall.c,341,conv,
mawk,mawk-1.3.4.20200120/fcall.c,85,conv,
mawk,mawk-1.3.4.20200120/field.c,312,conv,
mawk,mawk-1.3.4.20200120/field.c,313,conv,
mawk,mawk-1.3.4.20200120/field.c,662,conv,
mawk,mawk-1.3.4.20200120/files.c,125,conv,
mawk,mawk-1.3.4.20200120/files.c,226,conv,
mawk,mawk-1.3.4.20200120/fin.c,559,conv,
mawk,mawk-1.3.4.20200120/hash.c,257,conv,
mawk,mawk-1.3.4.20200120/init.c,348,conv,
mawk,mawk-1.3.4.20200120/parse.c,3296,conv,
mawk,mawk-1.3.4.20200120/parse.c,3310,conv,
mawk,mawk-1.3.4.20200120/print.c,473,conv,
mawk,mawk-1.3.4.20200120/print.c,474,conv,
mawk,mawk-1.3.4.20200120/rexp0.c,121,conv,
mawk,mawk-1.3.4.20200120/rexp0.c,466,conv,
mawk,mawk-1.3.4.20200120/rexpdb.c,65,conv,
mawk,mawk-1.3.4.20200120/scan.c,1040,conv,
mawk,mawk-1.3.4.20200120/scan.c,1066,conv,
mawk,mawk-1.3.4.20200120/scan.c,209,conv,
mawk,mawk-1.3.4.20200120/scan.c,228,conv,
mawk,mawk-1.3.4.20200120/scan.c,258,conv,
mawk,mawk-1.3.4.20200120/scan.c,298,conv,
mawk,mawk-1.3.4.20200120/scan.c,315,conv,
mawk,mawk-1.3.4.20200120/scan.c,393,conv,
mawk,mawk-1.3.4.20200120/scan.c,439,conv,
mawk,mawk-1.3.4.20200120/scan.c,452,conv,
mawk,mawk-1.3.4.20200120/scan.c,469,conv,
mawk,mawk-1.3.4.20200120/scan.c,484,conv,
mawk,mawk-1.3.4.20200120/scan.c,501,conv,
mawk,mawk-1.3.4.20200120/scan.c,570,conv,
mawk,mawk-1.3.4.20200120/scan.c,620,conv,
mawk,mawk-1.3.4.20200120/scan.c,682,conv,
mawk,mawk-1.3.4.20200120/scan.c,726,conv,
mawk,mawk-1.3.4.20200120/scan.c,734,conv,
mawk,mawk-1.3.4.20200120/scan.c,748,conv,
mawk,mawk-1.3.4.20200120/scan.c,758,conv,
mawk,mawk-1.3.4.20200120/scan.c,774,conv,
mawk,mawk-1.3.4.20200120/scan.c,98,conv,
mawk,mawk-1.3.4.20200120/scan.c,994,conv,
mawk,mawk-1.3.4.20200120/zmalloc.c,291,conv,
net-tools,net-tools-2.10/lib/econet.c,62,conv,
net-tools,net-tools-2.10/lib/inet.c,100,conv,
net-tools,net-tools-2.10/lib/inet6.c,104,conv,
net-tools,net-tools-2.10/lib/inet6.c,49,conv,
net-tools,net-tools-2.10/netstat.c,1236,conv,
net-tools,net-tools-2.10/netstat.c,2076,conv,
net-tools,net-tools-2.10/netstat.c,974,conv,
net-tools,net-tools-2.10/netstat.c,975,conv,
sl,sl-5.02/sl.c,63,conv,
util-linux,util-linux-2.38.1/include/optutils.h,14,conv,
util-linux,util-linux-2.38.1/include/xalloc.h,74,conv,
util-linux,util-linux-2.38.1/lib/monotonic.c,34,conv,
util-linux,util-linux-2.38.1/lib/monotonic.c,56,conv,
util-linux,util-linux-2.38.1/lib/strutils.c,1077,conv,
util-linux,util-linux-2.38.1/lib/strutils.c,923,conv,
util-linux,util-linux-2.38.1/lib/strutils.c,924,conv,
util-linux,util-linux-2.38.1/lib/strutils.c,952,conv,
util-linux,util-linux-2.38.1/lib/strutils.c,953,conv,
util-linux,util-linux-2.38.1/lib/timeutils.c,197,conv,
util-linux,util-linux-2.38.1/lib/timeutils.c,198,conv,
util-linux,util-linux-2.38.1/lib/timeutils.c,522,conv,
util-linux,util-linux-2.38.1/lib/timeutils.c,78,conv,
util-linux,util-linux-2.38.1/lib/timeutils.c,79,conv,
xz-utils,xz-utils-5.4.1/src/xz/coder.c,374,conv,
xz-utils,xz-utils-5.4.1/src/xz/coder.c,433,conv,
xz-utils,xz-utils-5.4.1/src/xz/coder.c,492,conv,
xz-utils,xz-utils-5.4.1/src/xz/coder.c,516,conv,
xz-utils,xz-utils-5.4.1/src/xz/coder.c,570,conv,
xz-utils,xz-utils-5.4.1/src/xz/coder.c,606,conv,
xz-utils,xz-utils-5.4.1/src/xz/list.c,505,conv,
xz-utils,xz-utils-5.4.1/src/xz/message.c,811,conv,
xz-utils,xz-utils-5.4.1/src/xz/options.c,256,conv,
lzma,lzma-9.22/CPP/7zip/Bundles/LzmaCon/lzmp.cpp,720,bug,LLVM#116902
lzma,lzma-9.22/CPP/7zip/Bundles/LzmaCon/lzmp.cpp,721,bug,LLVM#116902
lzma,lzma-9.22/CPP/7zip/Bundles/LzmaCon/lzmp.cpp,733,bug,LLVM#116902
mawk,mawk-1.3.4.20200120/parse.c,2005,bug,GCC#120485
mawk,mawk-1.3.4.20200120/parse.c,2013,bug,GCC#120485
mawk,mawk-1.3.4.20200120/parse.c,2023,bug,GCC#120485
mawk,mawk-1.3.4.20200120/parse.c,2111,bug,GCC#120485
mawk,mawk-1.3.4.20200120/parse.c,2297,bug,GCC#120485
mawk,mawk-1.3.4.20200120/parse.c,2306,bug,GCC#120485
mawk,mawk-1.3.4.20200120/parse.c,2314,bug,GCC#120485
mawk,mawk-1.3.4.20200120/parse.c,2350,bug,GCC#120485
mawk,mawk-1.3.4.20200120/parse.c,2377,bug,GCC#120485
mawk,mawk-1.3.4.20200120/parse.c,2533,bug,GCC#120485
mawk,mawk-1.3.4.20200120/parse.c,2603,bug,GCC#120485
mawk,mawk-1.3.4.20200120/parse.c,2664,bug,GCC#120485
mawk,mawk-1.3.4.20200120/parse.c,2679,bug,GCC#120485
mawk,mawk-1.3.4.20200120/parse.c,2694,bug,GCC#120485
mawk,mawk-1.3.4.20200120/parse.c,2712,bug,GCC#120485
mawk,mawk-1.3.4.20200120/parse.c,2782,bug,GCC#120485
mawk,mawk-1.3.4.20200120/parse.c,2881,bug,GCC#120485
mawk,mawk-1.3.4.20200120/parse.c,2912,bug,GCC#120485
mawk,mawk-1.3.4.20200120/parse.c,3030,bug,GCC#120485
mawk,mawk-1.3.4.20200120/parse.c,3111,bug,GCC#120485
mawk,mawk-1.3.4.20200120/parse.c,3137,bug,GCC#120485
mawk,mawk-1.3.4.20200120/parse.c,3162,bug,GCC#120485
mawk,mawk-1.3.4.20200120/parse.c,3208,bug,GCC#120485
lzma,lzma-9.22/CPP/7zip/Bundles/LzmaCon/lzmp.cpp,783,bug,GCC#120319
lzma,lzma-9.22/CPP/7zip/Bundles/LzmaCon/lzmp.cpp,791,bug,GCC#120319
net-tools,net-tools-2.10/lib/ash.c,43,bug,LLVM#101241
debianutils,debianutils-5.7/ischroot.c,48,conv,
debianutils,debianutils-5.7/ischroot.c,50,conv,
inetutils,inetutils-2.4/lib/argp-parse.c,752,bug,KNOWN BUG LLVM#UCF
inetutils,inetutils-2.4/lib/argp-parse.c,861,bug,KNOWN BUG LLVM#UCF
inetutils,inetutils-2.4/lib/argp-parse.c,926,bug,KNOWN BUG LLVM#UCF
inetutils,inetutils-2.4/telnet/main.c,370,bug,KNOWN BUG LLVM#UCF
inetutils,inetutils-2.4/telnet/main.c,376,bug,KNOWN BUG LLVM#UCF
liblockfile,liblockfile-1.17/dotlockfile.c,296,bug,KNOWN BUG LLVM#UCF
liblockfile,liblockfile-1.17/dotlockfile.c,302,bug,KNOWN BUG LLVM#UCF
liblockfile,liblockfile-1.17/dotlockfile.c,305,bug,KNOWN BUG LLVM#UCF
liblockfile,liblockfile-1.17/dotlockfile.c,309,bug,KNOWN BUG LLVM#UCF
liblockfile,liblockfile-1.17/dotlockfile.c,322,bug,KNOWN BUG LLVM#UCF
liblockfile,liblockfile-1.17/dotlockfile.c,362,bug,KNOWN BUG LLVM#UCF
liblockfile,liblockfile-1.17/dotlockfile.c,366,bug,KNOWN BUG LLVM#UCF
liblockfile,liblockfile-1.17/dotlockfile.c,373,bug,KNOWN BUG LLVM#UCF
liblockfile,liblockfile-1.17/dotlockfile.c,380,bug,KNOWN BUG LLVM#UCF
liblockfile,liblockfile-1.17/dotlockfile.c,386,bug,KNOWN BUG LLVM#UCF
liblockfile,liblockfile-1.17/dotlockfile.c,394,bug,KNOWN BUG LLVM#UCF
liblockfile,liblockfile-1.17/dotlockfile.c,410,bug,KNOWN BUG LLVM#UCF
liblockfile,liblockfile-1.17/dotlockfile.c,416,bug,KNOWN BUG LLVM#UCF
liblockfile,liblockfile-1.17/dotlockfile.c,451,bug,KNOWN BUG LLVM#UCF
lsof,lsof-4.95.0/main.c,1179,bug,KNOWN BUG LLVM#UCF
lsof,lsof-4.95.0/main.c,1191,bug,KNOWN BUG LLVM#UCF
lsof,lsof-4.95.0/main.c,1195,bug,KNOWN BUG LLVM#UCF
lsof,lsof-4.95.0/main.c,1199,bug,KNOWN BUG LLVM#UCF
lsof,lsof-4.95.0/main.c,1201,bug,KNOWN BUG LLVM#UCF
lsof,lsof-4.95.0/main.c,1203,bug,KNOWN BUG LLVM#UCF
lsof,lsof-4.95.0/main.c,1205,bug,KNOWN BUG LLVM#UCF
lsof,lsof-4.95.0/main.c,1207,bug,KNOWN BUG LLVM#UCF
lsof,lsof-4.95.0/main.c,1209,bug,KNOWN BUG LLVM#UCF
lsof,lsof-4.95.0/main.c,1211,bug,KNOWN BUG LLVM#UCF
lsof,lsof-4.95.0/main.c,1213,bug,KNOWN BUG LLVM#UCF
lsof,lsof-4.95.0/main.c,1221,bug,KNOWN BUG LLVM#UCF
lsof,lsof-4.95.0/main.c,1223,bug,KNOWN BUG LLVM#UCF
lsof,lsof-4.95.0/main.c,1231,bug,KNOWN BUG LLVM#UCF
lsof,lsof-4.95.0/main.c,1239,bug,KNOWN BUG LLVM#UCF
lsof,lsof-4.95.0/main.c,1264,bug,KNOWN BUG LLVM#UCF
lsof,lsof-4.95.0/main.c,1272,bug,KNOWN BUG LLVM#UCF
lsof,lsof-4.95.0/main.c,1312,bug,KNOWN BUG LLVM#UCF
lsof,lsof-4.95.0/main.c,1321,bug,KNOWN BUG LLVM#UCF
lsof,lsof-4.95.0/main.c,1332,bug,KNOWN BUG LLVM#UCF
lsof,lsof-4.95.0/main.c,1352,bug,KNOWN BUG LLVM#UCF
lsof,lsof-4.95.0/main.c,1513,bug,KNOWN BUG LLVM#UCF
lsof,lsof-4.95.0/main.c,1583,bug,KNOWN BUG LLVM#UCF
lsof,lsof-4.95.0/main.c,1585,bug,KNOWN BUG LLVM#UCF
lsof,lsof-4.95.0/main.c,1592,bug,KNOWN BUG LLVM#UCF
lsof,lsof-4.95.0/main.c,1605,bug,KNOWN BUG LLVM#UCF
lsof,lsof-4.95.0/main.c,1618,bug,KNOWN BUG LLVM#UCF
lsof,lsof-4.95.0/main.c,1659,bug,KNOWN BUG LLVM#UCF
lsof,lsof-4.95.0/main.c,1701,bug,KNOWN BUG LLVM#UCF
lsof,lsof-4.95.0/main.c,1712,bug,KNOWN BUG LLVM#UCF
lsof,lsof-4.95.0/main.c,1726,bug,KNOWN BUG LLVM#UCF
lsof,lsof-4.95.0/main.c,1742,bug,KNOWN BUG LLVM#UCF
lsof,lsof-4.95.0/main.c,1751,bug,KNOWN BUG LLVM#UCF
lsof,lsof-4.95.0/main.c,1765,bug,KNOWN BUG LLVM#UCF
lsof,lsof-4.95.0/main.c,1797,bug,KNOWN BUG LLVM#UCF
lsof,lsof-4.95.0/main.c,1814,bug,KNOWN BUG LLVM#UCF
lsof,lsof-4.95.0/main.c,1826,bug,KNOWN BUG LLVM#UCF
lsof,lsof-4.95.0/main.c,1844,bug,KNOWN BUG LLVM#UCF
lsof,lsof-4.95.0/main.c,1846,bug,KNOWN BUG LLVM#UCF
man-db,man-db-2.11.2/src/man.c,4292,bug,KNOWN BUG LLVM#UCF
man-db,man-db-2.11.2/src/man.c,4302,bug,KNOWN BUG LLVM#UCF
man-db,man-db-2.11.2/src/man.c,4316,bug,KNOWN BUG LLVM#UCF
man-db,man-db-2.11.2/src/man.c,4325,bug,KNOWN BUG LLVM#UCF
man-db,man-db-2.11.2/src/man.c,4462,bug,KNOWN BUG LLVM#UCF
e2fsprogs,e2fsprogs-1.47.0/e2fsck/unix.c,1001,bug,KNOWN BUG LLVM#UCF
e2fsprogs,e2fsprogs-1.47.0/e2fsck/unix.c,1007,bug,KNOWN BUG LLVM#UCF
e2fsprogs,e2fsprogs-1.47.0/e2fsck/unix.c,1012,bug,KNOWN BUG LLVM#UCF
e2fsprogs,e2fsprogs-1.47.0/e2fsck/unix.c,1017,bug,KNOWN BUG LLVM#UCF
e2fsprogs,e2fsprogs-1.47.0/e2fsck/unix.c,1021,bug,KNOWN BUG LLVM#UCF
e2fsprogs,e2fsprogs-1.47.0/e2fsck/unix.c,1024,bug,KNOWN BUG LLVM#UCF
e2fsprogs,e2fsprogs-1.47.0/e2fsck/unix.c,1029,bug,KNOWN BUG LLVM#UCF
e2fsprogs,e2fsprogs-1.47.0/e2fsck/unix.c,1033,bug,KNOWN BUG LLVM#UCF
e2fsprogs,e2fsprogs-1.47.0/e2fsck/unix.c,1035,bug,KNOWN BUG LLVM#UCF
e2fsprogs,e2fsprogs-1.47.0/e2fsck/unix.c,1041,bug,KNOWN BUG LLVM#UCF
e2fsprogs,e2fsprogs-1.47.0/e2fsck/unix.c,1048,bug,KNOWN BUG LLVM#UCF
e2fsprogs,e2fsprogs-1.47.0/e2fsck/unix.c,1055,bug,KNOWN BUG LLVM#UCF
e2fsprogs,e2fsprogs-1.47.0/e2fsck/unix.c,1059,bug,KNOWN BUG LLVM#UCF
e2fsprogs,e2fsprogs-1.47.0/e2fsck/unix.c,1064,bug,KNOWN BUG LLVM#UCF
e2fsprogs,e2fsprogs-1.47.0/e2fsck/unix.c,1069,bug,KNOWN BUG LLVM#UCF
e2fsprogs,e2fsprogs-1.47.0/e2fsck/unix.c,1072,bug,KNOWN BUG LLVM#UCF
e2fsprogs,e2fsprogs-1.47.0/e2fsck/unix.c,1087,bug,KNOWN BUG LLVM#UCF
e2fsprogs,e2fsprogs-1.47.0/e2fsck/unix.c,1091,bug,KNOWN BUG LLVM#UCF
e2fsprogs,e2fsprogs-1.47.0/e2fsck/unix.c,1107,bug,KNOWN BUG LLVM#UCF
e2fsprogs,e2fsprogs-1.47.0/e2fsck/unix.c,1130,bug,KNOWN BUG LLVM#UCF
e2fsprogs,e2fsprogs-1.47.0/e2fsck/unix.c,1438,bug,KNOWN BUG LLVM#UCF
e2fsprogs,e2fsprogs-1.47.0/e2fsck/unix.c,1446,bug,KNOWN BUG LLVM#UCF
e2fsprogs,e2fsprogs-1.47.0/e2fsck/unix.c,1457,bug,KNOWN BUG LLVM#UCF
e2fsprogs,e2fsprogs-1.47.0/e2fsck/unix.c,1472,bug,KNOWN BUG LLVM#UCF
e2fsprogs,e2fsprogs-1.47.0/e2fsck/unix.c,1476,bug,KNOWN BUG LLVM#UCF
e2fsprogs,e2fsprogs-1.47.0/e2fsck/unix.c,1484,bug,KNOWN BUG LLVM#UCF
ifupdown,ifupdown-0.8.41/main.c,1461,bug,KNOWN BUG LLVM#UCF
ifupdown,ifupdown-0.8.41/main.c,1468,bug,KNOWN BUG LLVM#UCF
ifupdown,ifupdown-0.8.41/main.c,1471,bug,KNOWN BUG LLVM#UCF
ifupdown,ifupdown-0.8.41/main.c,1478,bug,KNOWN BUG LLVM#UCF
ifupdown,ifupdown-0.8.41/main.c,1489,bug,KNOWN BUG LLVM#UCF
ifupdown,ifupdown-0.8.41/main.c,1492,bug,KNOWN BUG LLVM#UCF
ifupdown,ifupdown-0.8.41/main.c,1495,bug,KNOWN BUG LLVM#UCF
less,less-590/main.c,155,bug,KNOWN BUG LLVM#UCF
less,less-590/main.c,169,bug,KNOWN BUG LLVM#UCF
less,less-590/main.c,176,bug,KNOWN BUG LLVM#UCF
less,less-590/main.c,185,bug,KNOWN BUG LLVM#UCF
less,less-590/main.c,187,bug,KNOWN BUG LLVM#UCF
less,less-590/main.c,220,bug,KNOWN BUG LLVM#UCF
less,less-590/main.c,237,bug,KNOWN BUG LLVM#UCF
less,less-590/main.c,247,bug,KNOWN BUG LLVM#UCF
less,less-590/main.c,274,bug,KNOWN BUG LLVM#UCF
less,less-590/main.c,281,bug,KNOWN BUG LLVM#UCF
less,less-590/main.c,290,bug,KNOWN BUG LLVM#UCF
less,less-590/option.c,111,bug,KNOWN BUG LLVM#UCF
less,less-590/option.c,290,bug,KNOWN BUG LLVM#UCF
wget,wget-1.21.3/src/main.c,1216,other,wget --version contains compiler name and flags
wget,wget-1.21.3/src/main.c,1221,other,wget --version contains compiler name and flags
wget,wget-1.21.3/src/main.c,1223,other,wget --version contains compiler name and flags
wget,wget-1.21.3/src/main.c,1230,other,wget --version contains compiler name and flags
newt,newt-0.52.23/whiptail.c,492,bug,KNOWN BUG LLVM#UCF
newt,newt-0.52.23/whiptail.c,495,bug,KNOWN BUG LLVM#UCF
newt,newt-0.52.23/whiptail.c,501,bug,KNOWN BUG LLVM#UCF
newt,newt-0.52.23/whiptail.c,503,bug,KNOWN BUG LLVM#UCF
newt,newt-0.52.23/whiptail.c,505,bug,KNOWN BUG LLVM#UCF
newt,newt-0.52.23/whiptail.c,507,bug,KNOWN BUG LLVM#UCF
traceroute,traceroute-2.1.2/traceroute/traceroute.c,625,bug,KNOWN BUG LLVM#UCF
traceroute,traceroute-2.1.2/traceroute/traceroute.c,631,bug,KNOWN BUG LLVM#UCF
traceroute,traceroute-2.1.2/traceroute/traceroute.c,634,bug,KNOWN BUG LLVM#UCF
traceroute,traceroute-2.1.2/traceroute/traceroute.c,636,bug,KNOWN BUG LLVM#UCF
traceroute,traceroute-2.1.2/traceroute/traceroute.c,638,bug,KNOWN BUG LLVM#UCF
traceroute,traceroute-2.1.2/traceroute/traceroute.c,640,bug,KNOWN BUG LLVM#UCF
traceroute,traceroute-2.1.2/traceroute/traceroute.c,643,bug,KNOWN BUG LLVM#UCF
traceroute,traceroute-2.1.2/traceroute/traceroute.c,645,bug,KNOWN BUG LLVM#UCF
traceroute,traceroute-2.1.2/traceroute/traceroute.c,647,bug,KNOWN BUG LLVM#UCF
traceroute,traceroute-2.1.2/traceroute/traceroute.c,649,bug,KNOWN BUG LLVM#UCF
traceroute,traceroute-2.1.2/traceroute/traceroute.c,652,bug,KNOWN BUG LLVM#UCF
traceroute,traceroute-2.1.2/traceroute/traceroute.c,656,bug,KNOWN BUG LLVM#UCF
traceroute,traceroute-2.1.2/traceroute/traceroute.c,661,bug,KNOWN BUG LLVM#UCF
traceroute,traceroute-2.1.2/traceroute/traceroute.c,679,bug,KNOWN BUG LLVM#UCF
traceroute,traceroute-2.1.2/traceroute/traceroute.c,686,bug,KNOWN BUG LLVM#UCF
traceroute,traceroute-2.1.2/traceroute/traceroute.c,690,bug,KNOWN BUG LLVM#UCF
traceroute,traceroute-2.1.2/traceroute/traceroute.c,697,bug,KNOWN BUG LLVM#UCF
traceroute,traceroute-2.1.2/traceroute/traceroute.c,700,bug,KNOWN BUG LLVM#UCF
traceroute,traceroute-2.1.2/traceroute/traceroute.c,706,bug,KNOWN BUG LLVM#UCF
lz4,lz4-1.9.4/lib/xxhash.c,308,conv,
lz4,lz4-1.9.4/programs/util.h,205,other,gcov subtlety of passing gcda or gcno as arguments
lz4,lz4-1.9.4/programs/util.h,206,other,gcov subtlety of passing gcda or gcno as arguments
grep,grep-3.8/lib/stackvma.c,268,other,stackvma.c reading /proc/self/maps
grep,grep-3.8/lib/stackvma.c,281,other,stackvma.c reading /proc/self/maps
grep,grep-3.8/lib/stackvma.c,363,other,stackvma.c reading /proc/self/maps
e2fsprogs,e2fsprogs-1.47.0/e2fsck/journal.c,269,conv,
e2fsprogs,e2fsprogs-1.47.0/e2fsck/journal.c,1026,conv,
e2fsprogs,e2fsprogs-1.47.0/e2fsck/journal.c,1155,conv,
e2fsprogs,e2fsprogs-1.47.0/e2fsck/journal.c,1182,conv,
e2fsprogs,e2fsprogs-1.47.0/e2fsck/journal.c,1311,conv,
e2fsprogs,e2fsprogs-1.47.0/e2fsck/journal.c,1346,conv,
e2fsprogs,e2fsprogs-1.47.0/e2fsck/journal.c,1350,conv,
e2fsprogs,e2fsprogs-1.47.0/e2fsck/journal.c,1514,conv,
e2fsprogs,e2fsprogs-1.47.0/e2fsck/journal.c,1524,conv,
e2fsprogs,e2fsprogs-1.47.0/e2fsck/journal.c,1534,conv,
e2fsprogs,e2fsprogs-1.47.0/e2fsck/journal.c,1558,conv,
e2fsprogs,e2fsprogs-1.47.0/e2fsck/journal.c,1565,conv,
e2fsprogs,e2fsprogs-1.47.0/e2fsck/journal.c,1580,conv,
e2fsprogs,e2fsprogs-1.47.0/e2fsck/journal.c,1762,conv,
e2fsprogs,e2fsprogs-1.47.0/e2fsck/journal.c,1875,conv,
e2fsprogs,e2fsprogs-1.47.0/e2fsck/journal.c,750,conv,
e2fsprogs,e2fsprogs-1.47.0/e2fsck/pass1.c,237,conv,
e2fsprogs,e2fsprogs-1.47.0/e2fsck/pass1.c,338,conv,
e2fsprogs,e2fsprogs-1.47.0/e2fsck/pass1.c,489,conv,
e2fsprogs,e2fsprogs-1.47.0/e2fsck/pass1.c,583,conv,
e2fsprogs,e2fsprogs-1.47.0/e2fsck/pass1.c,629,conv,
e2fsprogs,e2fsprogs-1.47.0/e2fsck/pass1.c,679,conv,
e2fsprogs,e2fsprogs-1.47.0/e2fsck/pass1.c,730,conv,
e2fsprogs,e2fsprogs-1.47.0/e2fsck/pass1.c,732,conv,
e2fsprogs,e2fsprogs-1.47.0/e2fsck/pass1.c,756,conv,
e2fsprogs,e2fsprogs-1.47.0/e2fsck/pass1.c,1001,conv,
e2fsprogs,e2fsprogs-1.47.0/e2fsck/pass1.c,1042,conv,
e2fsprogs,e2fsprogs-1.47.0/e2fsck/pass1.c,1339,conv,
e2fsprogs,e2fsprogs-1.47.0/e2fsck/pass1.c,1369,conv,
e2fsprogs,e2fsprogs-1.47.0/e2fsck/pass1.c,1396,conv,
e2fsprogs,e2fsprogs-1.47.0/e2fsck/pass1.c,1435,conv,
e2fsprogs,e2fsprogs-1.47.0/e2fsck/pass1.c,1479,conv,
e2fsprogs,e2fsprogs-1.47.0/e2fsck/pass1.c,1495,conv,
e2fsprogs,e2fsprogs-1.47.0/e2fsck/pass1.c,1517,conv,
e2fsprogs,e2fsprogs-1.47.0/e2fsck/pass1.c,1522,conv,
e2fsprogs,e2fsprogs-1.47.0/e2fsck/pass1.c,1536,conv,
e2fsprogs,e2fsprogs-1.47.0/e2fsck/pass1.c,1669,conv,
e2fsprogs,e2fsprogs-1.47.0/e2fsck/pass1.c,1741,conv,
e2fsprogs,e2fsprogs-1.47.0/e2fsck/pass1.c,1754,conv,
e2fsprogs,e2fsprogs-1.47.0/e2fsck/pass1.c,1766,conv,
e2fsprogs,e2fsprogs-1.47.0/e2fsck/pass1.c,1768,conv,
e2fsprogs,e2fsprogs-1.47.0/e2fsck/pass1.c,1781,conv,
e2fsprogs,e2fsprogs-1.47.0/e2fsck/pass1.c,1794,conv,
e2fsprogs,e2fsprogs-1.47.0/e2fsck/pass1.c,1807,conv,
e2fsprogs,e2fsprogs-1.47.0/e2fsck/pass1.c,1817,conv,
e2fsprogs,e2fsprogs-1.47.0/e2fsck/pass1.c,1877,conv,
e2fsprogs,e2fsprogs-1.47.0/e2fsck/pass1.c,1879,conv,
e2fsprogs,e2fsprogs-1.47.0/e2fsck/pass1.c,1881,conv,
e2fsprogs,e2fsprogs-1.47.0/e2fsck/pass1.c,1885,conv,
e2fsprogs,e2fsprogs-1.47.0/e2fsck/pass1.c,1921,conv,
e2fsprogs,e2fsprogs-1.47.0/e2fsck/pass1.c,1971,conv,
e2fsprogs,e2fsprogs-1.47.0/e2fsck/pass1.c,1992,conv,
e2fsprogs,e2fsprogs-1.47.0/e2fsck/pass1.c,2103,conv,
e2fsprogs,e2fsprogs-1.47.0/e2fsck/pass1.c,2456,conv,
e2fsprogs,e2fsprogs-1.47.0/e2fsck/pass1.c,2537,conv,
e2fsprogs,e2fsprogs-1.47.0/e2fsck/pass1.c,2599,conv,
procps,procps-4.0.2/src/ps/display.c,636,bug,GCC#120332
procps,procps-4.0.2/src/ps/display.c,639,bug,GCC#120332
procps,procps-4.0.2/src/ps/display.c,671,bug,KNOWN BUG LLVM#UCF
procps,procps-4.0.2/src/ps/parser.c,1197,bug,KNOWN BUG LLVM#UCF
procps,procps-4.0.2/src/ps/parser.c,1199,bug,KNOWN BUG LLVM#UCF
procps,procps-4.0.2/src/ps/parser.c,1201,bug,KNOWN BUG LLVM#UCF
procps,procps-4.0.2/src/ps/parser.c,1203,bug,KNOWN BUG LLVM#UCF
procps,procps-4.0.2/src/ps/display.c,315,conv,
procps,procps-4.0.2/src/ps/stacktrace.c,155,conv,
procps,procps-4.0.2/src/ps/stacktrace.c,89,conv,
procps,procps-4.0.2/src/ps/select.c,99,conv,
procps,procps-4.0.2/src/ps/select.c,100,conv,
procps,procps-4.0.2/src/ps/select.c,101,conv,
procps,procps-4.0.2/src/ps/select.c,102,conv,
procps,procps-4.0.2/src/ps/select.c,104,conv,
procps,procps-4.0.2/src/ps/select.c,105,conv,
procps,procps-4.0.2/src/ps/select.c,106,conv,
procps,procps-4.0.2/src/ps/select.c,107,conv,
procps,procps-4.0.2/src/ps/select.c,109,conv,
procps,procps-4.0.2/src/ps/select.c,110,conv,
procps,procps-4.0.2/src/ps/select.c,111,conv,
procps,procps-4.0.2/src/ps/select.c,112,conv,
procps,procps-4.0.2/src/ps/select.c,113,conv,
procps,procps-4.0.2/src/ps/select.c,114,conv,
procps,procps-4.0.2/src/ps/select.c,156,conv,
procps,procps-4.0.2/src/ps/output.c,353,conv,
procps,procps-4.0.2/src/ps/output.c,368,conv,
