bzip2,bzip2-1.0.8/bzlib.c,1101,conv,
bzip2,bzip2-1.0.8/blocksort.c,286,conv,
bzip2,bzip2-1.0.8/blocksort.c,649,conv,
bzip2,bzip2-1.0.8/bzip2.c,1145,conv,
bzip2,bzip2-1.0.8/bzip2.c,1211,conv,
bzip2,bzip2-1.0.8/bzip2.c,1329,conv,
bzip2,bzip2-1.0.8/bzip2.c,1397,conv,
bzip2,bzip2-1.0.8/bzip2.c,1524,conv,
bzip2,bzip2-1.0.8/bzlib.c,159,conv,
bzip2,bzip2-1.0.8/bzlib.c,161,conv,
bzip2,bzip2-1.0.8/bzlib.c,373,conv,
bzip2,bzip2-1.0.8/bzlib.c,378,conv,
bzip2,bzip2-1.0.8/bzlib.c,417,conv,
bzip2,bzip2-1.0.8/bzlib.c,928,conv,
bzip2,bzip2-1.0.8/bzlib.c,931,conv,
bzip2,bzip2-1.0.8/bzlib.c,1100,conv,
bzip2,bzip2-1.0.8/bzlib.c,1104,conv,
bzip2,bzip2-1.0.8/bzlib.c,1259,conv,
bzip2,bzip2-1.0.8/bzlib.c,1263,conv,
bzip2,bzip2-1.0.8/bzlib.c,1310,conv,
bzip2,bzip2-1.0.8/bzlib.c,1313,conv,
ifupdown,ifupdown-0.8.41/execute.c,63,other,reading environment variables during program execution
ifupdown,ifupdown-0.8.41/execute.c,64,other,reading environment variables during program execution
ifupdown,ifupdown-0.8.41/execute.c,79,other,reading environment variables during program execution
ifupdown,ifupdown-0.8.41/execute.c,80,other,reading environment variables during program execution
ifupdown,ifupdown-0.8.41/main.c,1489,bug,KNOWN BUG LLVM#UCF
ifupdown,ifupdown-0.8.41/main.c,1492,bug,KNOWN BUG LLVM#UCF
ifupdown,ifupdown-0.8.41/main.c,1495,bug,KNOWN BUG LLVM#UCF
ifupdown,ifupdown-0.8.41/archcommon.c,179,conv,
ifupdown,ifupdown-0.8.41/inet.c,92,conv,
ifupdown,ifupdown-0.8.41/inet6.c,183,conv,
ifupdown,ifupdown-0.8.41/link.c,43,conv,
distro-info,distro-info-1.5+deb12u1/ubuntu-distro-info.c,33,bug,GCC#120486
distro-info,distro-info-1.5+deb12u1/ubuntu-distro-info.c,34,bug,GCC#120486
distro-info,distro-info-1.5+deb12u1/distro-info-util.c,57,conv,
distro-info,distro-info-1.5+deb12u1/distro-info-util.c,107,conv,
distro-info,distro-info-1.5+deb12u1/distro-info-util.c,108,conv,
distro-info,distro-info-1.5+deb12u1/distro-info-util.c,110,conv,
distro-info,distro-info-1.5+deb12u1/distro-info-util.c,117,conv,
distro-info,distro-info-1.5+deb12u1/distro-info-util.c,174,conv,
distro-info,distro-info-1.5+deb12u1/distro-info-util.c,180,conv,
distro-info,distro-info-1.5+deb12u1/distro-info-util.c,186,conv,
distro-info,distro-info-1.5+deb12u1/distro-info-util.c,191,conv,
distro-info,distro-info-1.5+deb12u1/distro-info-util.c,194,conv,
distro-info,distro-info-1.5+deb12u1/distro-info-util.c,195,conv,
distro-info,distro-info-1.5+deb12u1/distro-info-util.c,203,conv,
distro-info,distro-info-1.5+deb12u1/distro-info-util.c,209,conv,
distro-info,distro-info-1.5+deb12u1/distro-info-util.c,219,conv,
distro-info,distro-info-1.5+deb12u1/distro-info-util.c,220,conv,
distro-info,distro-info-1.5+deb12u1/distro-info-util.c,312,conv,
lsof,lsof-4.95.0/main.c,1179,bug,KNOWN BUG LLVM#UCF
lsof,lsof-4.95.0/main.c,1191,bug,KNOWN BUG LLVM#UCF
lsof,lsof-4.95.0/main.c,1195,bug,KNOWN BUG LLVM#UCF
lsof,lsof-4.95.0/main.c,1199,bug,KNOWN BUG LLVM#UCF
lsof,lsof-4.95.0/main.c,1201,bug,KNOWN BUG LLVM#UCF
lsof,lsof-4.95.0/main.c,1203,bug,KNOWN BUG LLVM#UCF
lsof,lsof-4.95.0/main.c,1205,bug,KNOWN BUG LLVM#UCF
lsof,lsof-4.95.0/main.c,1207,bug,KNOWN BUG LLVM#UCF
lsof,lsof-4.95.0/main.c,1209,bug,KNOWN BUG LLVM#UCF
lsof,lsof-4.95.0/main.c,1211,bug,KNOWN BUG LLVM#UCF
lsof,lsof-4.95.0/main.c,1213,bug,KNOWN BUG LLVM#UCF
lsof,lsof-4.95.0/main.c,1221,bug,KNOWN BUG LLVM#UCF
lsof,lsof-4.95.0/main.c,1223,bug,KNOWN BUG LLVM#UCF
lsof,lsof-4.95.0/main.c,1231,bug,KNOWN BUG LLVM#UCF
lsof,lsof-4.95.0/main.c,1239,bug,KNOWN BUG LLVM#UCF
lsof,lsof-4.95.0/main.c,1264,bug,KNOWN BUG LLVM#UCF
lsof,lsof-4.95.0/main.c,1272,bug,KNOWN BUG LLVM#UCF
lsof,lsof-4.95.0/main.c,1312,bug,KNOWN BUG LLVM#UCF
lsof,lsof-4.95.0/main.c,1321,bug,KNOWN BUG LLVM#UCF
lsof,lsof-4.95.0/main.c,1332,bug,KNOWN BUG LLVM#UCF
lsof,lsof-4.95.0/main.c,1352,bug,KNOWN BUG LLVM#UCF
lsof,lsof-4.95.0/main.c,1513,bug,KNOWN BUG LLVM#UCF
lsof,lsof-4.95.0/main.c,1583,bug,KNOWN BUG LLVM#UCF
lsof,lsof-4.95.0/main.c,1585,bug,KNOWN BUG LLVM#UCF
lsof,lsof-4.95.0/main.c,1592,bug,KNOWN BUG LLVM#UCF
lsof,lsof-4.95.0/main.c,1605,bug,KNOWN BUG LLVM#UCF
lsof,lsof-4.95.0/main.c,1618,bug,KNOWN BUG LLVM#UCF
lsof,lsof-4.95.0/main.c,1659,bug,KNOWN BUG LLVM#UCF
lsof,lsof-4.95.0/main.c,1701,bug,KNOWN BUG LLVM#UCF
lsof,lsof-4.95.0/main.c,1712,bug,KNOWN BUG LLVM#UCF
lsof,lsof-4.95.0/main.c,1726,bug,KNOWN BUG LLVM#UCF
lsof,lsof-4.95.0/main.c,1742,bug,KNOWN BUG LLVM#UCF
lsof,lsof-4.95.0/main.c,1751,bug,KNOWN BUG LLVM#UCF
lsof,lsof-4.95.0/main.c,1765,bug,KNOWN BUG LLVM#UCF
lsof,lsof-4.95.0/main.c,1797,bug,KNOWN BUG LLVM#UCF
lsof,lsof-4.95.0/main.c,1814,bug,KNOWN BUG LLVM#UCF
lsof,lsof-4.95.0/main.c,1826,bug,KNOWN BUG LLVM#UCF
lsof,lsof-4.95.0/main.c,1844,bug,KNOWN BUG LLVM#UCF
lsof,lsof-4.95.0/main.c,1846,bug,KNOWN BUG LLVM#UCF
lsof,lsof-4.95.0/arg.c,1489,conv,
lsof,lsof-4.95.0/arg.c,1603,conv,
lsof,lsof-4.95.0/dfile.c,150,conv,
lsof,lsof-4.95.0/dfile.c,337,conv,
lsof,lsof-4.95.0/dnode.c,803,conv,
lsof,lsof-4.95.0/dnode.c,969,conv,
lsof,lsof-4.95.0/dproc.c,433,conv,
lsof,lsof-4.95.0/dproc.c,547,conv,
lsof,lsof-4.95.0/dproc.c,1164,conv,
lsof,lsof-4.95.0/dproc.c,1910,conv,
lsof,lsof-4.95.0/dproc.c,1912,conv,
lsof,lsof-4.95.0/dsock.c,1175,conv,
lsof,lsof-4.95.0/dsock.c,1220,conv,
lsof,lsof-4.95.0/dsock.c,1221,conv,
lsof,lsof-4.95.0/dsock.c,1315,conv,
lsof,lsof-4.95.0/dsock.c,1582,conv,
lsof,lsof-4.95.0/dsock.c,1681,conv,
lsof,lsof-4.95.0/dsock.c,1682,conv,
lsof,lsof-4.95.0/dsock.c,1728,conv,
lsof,lsof-4.95.0/dsock.c,2498,conv,
lsof,lsof-4.95.0/dsock.c,2903,conv,
lsof,lsof-4.95.0/dsock.c,3284,conv,
lsof,lsof-4.95.0/dsock.c,4587,conv,
lsof,lsof-4.95.0/dsock.c,4734,conv,
lsof,lsof-4.95.0/dsock.c,4738,conv,
lsof,lsof-4.95.0/dsock.c,4742,conv,
lsof,lsof-4.95.0/dsock.c,4743,conv,
lsof,lsof-4.95.0/dsock.c,5149,conv,
lsof,lsof-4.95.0/main.c,377,conv,
lsof,lsof-4.95.0/node.c,53,conv,
lsof,lsof-4.95.0/print.c,1184,conv,
lsof,lsof-4.95.0/print.c,1226,conv,
lsof,lsof-4.95.0/print.c,1227,conv,
lsof,lsof-4.95.0/proc.c,263,conv,
lsof,lsof-4.95.0/proc.c,1026,conv,
lsof,lsof-4.95.0/proc.c,1131,conv,
lsof,lsof-4.95.0/proc.c,1237,conv,
lsof,lsof-4.95.0/proc.c,1697,conv,
lsof,lsof-4.95.0/usage.c,946,conv,
lzo2,lzo2-2.10/lzotest/lzotest.c,1901,other,main function looping over argv[0]
lzo2,lzo2-2.10/lzotest/lzotest.c,1902,other,main function looping over argv[0]
lzo2,lzo2-2.10/examples/portab.h,128,other,gcov subtlety of passing gcda or gcno as arguments
lzo2,lzo2-2.10/examples/portab.h,133,other,gcov subtlety of passing gcda or gcno as arguments
lzo2,lzo2-2.10/lzotest/lzotest.c,615,conv,
lzo2,lzo2-2.10/lzotest/lzotest.c,641,conv,
lzo2,lzo2-2.10/lzotest/lzotest.c,1044,conv,
lzo2,lzo2-2.10/lzotest/lzotest.c,1045,conv,
lzo2,lzo2-2.10/lzotest/lzotest.c,1094,conv,
lzo2,lzo2-2.10/lzotest/lzotest.c,1970,conv,
lzo2,lzo2-2.10/lzotest/lzotest.c,2017,conv,
lzo2,lzo2-2.10/lzotest/lzotest.c,2038,conv,
lzo2,lzo2-2.10/lzotest/lzotest.c,2041,conv,
lzo2,lzo2-2.10/minilzo/minilzo.c,4625,conv,
lzo2,lzo2-2.10/minilzo/minilzo.c,4626,conv,
lzo2,lzo2-2.10/src/lzo1b_9x.c,173,conv,
lzo2,lzo2-2.10/src/lzo1b_9x.c,174,conv,
lzo2,lzo2-2.10/src/lzo1c_9x.c,175,conv,
lzo2,lzo2-2.10/src/lzo1c_9x.c,176,conv,
lzo2,lzo2-2.10/src/lzo1f_9x.c,186,conv,
lzo2,lzo2-2.10/src/lzo1f_9x.c,187,conv,
lzo2,lzo2-2.10/src/lzo1f_9x.c,221,conv,
lzo2,lzo2-2.10/src/lzo1f_9x.c,228,conv,
lzo2,lzo2-2.10/src/lzo1x_9x.c,621,conv,
lzo2,lzo2-2.10/src/lzo1x_9x.c,623,conv,
lzo2,lzo2-2.10/src/lzo_init.c,221,conv,
lzo2,lzo2-2.10/src/lzo_init.c,222,conv,
lzo2,lzo2-2.10/src/lzo_supp.h,3115,conv,
lzo2,lzo2-2.10/src/lzo_swd.ch,399,conv,
lzo2,lzo2-2.10/tests/align.c,58,conv,
lzo2,lzo2-2.10/tests/align.c,59,conv,
lzo2,lzo2-2.10/tests/align.c,60,conv,
lzo2,lzo2-2.10/tests/align.c,85,conv,
lzo2,lzo2-2.10/tests/align.c,86,conv,
lzo2,lzo2-2.10/tests/align.c,87,conv,
lzo2,lzo2-2.10/tests/align.c,88,conv,
mawk,mawk-1.3.4.20200120/array.c,297,conv,
mawk,mawk-1.3.4.20200120/array.c,318,conv,
mawk,mawk-1.3.4.20200120/execute.c,1085,bug,KNOWN BUG LLVM#UCF
mawk,mawk-1.3.4.20200120/execute.c,1090,bug,KNOWN BUG LLVM#UCF
mawk,mawk-1.3.4.20200120/execute.c,1351,conv,
mawk,mawk-1.3.4.20200120/fcall.c,116,conv,
mawk,mawk-1.3.4.20200120/fcall.c,194,conv,
mawk,mawk-1.3.4.20200120/fcall.c,202,conv,
mawk,mawk-1.3.4.20200120/fcall.c,340,conv,
mawk,mawk-1.3.4.20200120/fcall.c,341,conv,
mawk,mawk-1.3.4.20200120/fcall.c,85,conv,
mawk,mawk-1.3.4.20200120/field.c,312,conv,
mawk,mawk-1.3.4.20200120/field.c,313,conv,
mawk,mawk-1.3.4.20200120/field.c,662,conv,
mawk,mawk-1.3.4.20200120/files.c,125,conv,
mawk,mawk-1.3.4.20200120/files.c,226,conv,
mawk,mawk-1.3.4.20200120/files.c,357,bug,KNOWN BUG LLVM#UCF
mawk,mawk-1.3.4.20200120/fin.c,559,conv,
mawk,mawk-1.3.4.20200120/hash.c,257,conv,
mawk,mawk-1.3.4.20200120/init.c,348,conv,
mawk,mawk-1.3.4.20200120/main.c,55,bug,KNOWN BUG LLVM#UCF
mawk,mawk-1.3.4.20200120/main.c,63,bug,KNOWN BUG LLVM#UCF
mawk,mawk-1.3.4.20200120/parse.c,2005,bug,GCC#120485
mawk,mawk-1.3.4.20200120/parse.c,2013,bug,GCC#120485
mawk,mawk-1.3.4.20200120/parse.c,2023,bug,GCC#120485
mawk,mawk-1.3.4.20200120/parse.c,2111,bug,GCC#120485
mawk,mawk-1.3.4.20200120/parse.c,2297,bug,GCC#120485
mawk,mawk-1.3.4.20200120/parse.c,2306,bug,GCC#120485
mawk,mawk-1.3.4.20200120/parse.c,2314,bug,GCC#120485
mawk,mawk-1.3.4.20200120/parse.c,2350,bug,GCC#120485
mawk,mawk-1.3.4.20200120/parse.c,2377,bug,GCC#120485
mawk,mawk-1.3.4.20200120/parse.c,2533,bug,GCC#120485
mawk,mawk-1.3.4.20200120/parse.c,2603,bug,GCC#120485
mawk,mawk-1.3.4.20200120/parse.c,2664,bug,GCC#120485
mawk,mawk-1.3.4.20200120/parse.c,2679,bug,GCC#120485
mawk,mawk-1.3.4.20200120/parse.c,2694,bug,GCC#120485
mawk,mawk-1.3.4.20200120/parse.c,2712,bug,GCC#120485
mawk,mawk-1.3.4.20200120/parse.c,2782,bug,GCC#120485
mawk,mawk-1.3.4.20200120/parse.c,2881,bug,GCC#120485
mawk,mawk-1.3.4.20200120/parse.c,2912,bug,GCC#120485
mawk,mawk-1.3.4.20200120/parse.c,3030,bug,GCC#120485
mawk,mawk-1.3.4.20200120/parse.c,3111,bug,GCC#120485
mawk,mawk-1.3.4.20200120/parse.c,3137,bug,GCC#120485
mawk,mawk-1.3.4.20200120/parse.c,3162,bug,GCC#120485
mawk,mawk-1.3.4.20200120/parse.c,3208,bug,GCC#120485
mawk,mawk-1.3.4.20200120/parse.c,3296,conv,
mawk,mawk-1.3.4.20200120/parse.c,3310,conv,
mawk,mawk-1.3.4.20200120/print.c,473,conv,
mawk,mawk-1.3.4.20200120/print.c,474,conv,
mawk,mawk-1.3.4.20200120/rexp0.c,121,conv,
mawk,mawk-1.3.4.20200120/rexp0.c,466,conv,
mawk,mawk-1.3.4.20200120/rexp0.c,626,bug,KNOWN BUG LLVM#UCF
mawk,mawk-1.3.4.20200120/rexp0.c,634,bug,KNOWN BUG LLVM#UCF
mawk,mawk-1.3.4.20200120/rexp0.c,690,bug,KNOWN BUG LLVM#UCF
mawk,mawk-1.3.4.20200120/rexp.c,114,bug,KNOWN BUG LLVM#UCF
mawk,mawk-1.3.4.20200120/rexpdb.c,65,conv,
mawk,mawk-1.3.4.20200120/scan.c,1040,conv,
mawk,mawk-1.3.4.20200120/scan.c,1066,conv,
mawk,mawk-1.3.4.20200120/scan.c,209,conv,
mawk,mawk-1.3.4.20200120/scan.c,228,conv,
mawk,mawk-1.3.4.20200120/scan.c,258,conv,
mawk,mawk-1.3.4.20200120/scan.c,298,conv,
mawk,mawk-1.3.4.20200120/scan.c,315,conv,
mawk,mawk-1.3.4.20200120/scan.c,393,conv,
mawk,mawk-1.3.4.20200120/scan.c,439,conv,
mawk,mawk-1.3.4.20200120/scan.c,452,conv,
mawk,mawk-1.3.4.20200120/scan.c,469,conv,
mawk,mawk-1.3.4.20200120/scan.c,484,conv,
mawk,mawk-1.3.4.20200120/scan.c,501,conv,
mawk,mawk-1.3.4.20200120/scan.c,570,conv,
mawk,mawk-1.3.4.20200120/scan.c,620,conv,
mawk,mawk-1.3.4.20200120/scan.c,682,conv,
mawk,mawk-1.3.4.20200120/scan.c,726,conv,
mawk,mawk-1.3.4.20200120/scan.c,734,conv,
mawk,mawk-1.3.4.20200120/scan.c,748,conv,
mawk,mawk-1.3.4.20200120/scan.c,758,conv,
mawk,mawk-1.3.4.20200120/scan.c,774,conv,
mawk,mawk-1.3.4.20200120/scan.c,98,conv,
mawk,mawk-1.3.4.20200120/scan.c,994,conv,
mawk,mawk-1.3.4.20200120/zmalloc.c,291,conv,
procps,procps-4.0.2/src/pmap.c,243,conv,
procps,procps-4.0.2/src/ps/display.c,636,conv,
procps,procps-4.0.2/src/ps/display.c,639,conv,
procps,procps-4.0.2/src/ps/display.c,671,bug,KNOWN BUG LLVM#UCF
procps,procps-4.0.2/src/pwdx.c,104,bug,KNOWN BUG LLVM#UCF
procps,procps-4.0.2/src/pwdx.c,120,bug,KNOWN BUG LLVM#UCF
procps,procps-4.0.2/src/pwdx.c,129,bug,KNOWN BUG LLVM#UCF
procps,procps-4.0.2/src/pwdx.c,135,bug,KNOWN BUG LLVM#UCF
procps,procps-4.0.2/src/slabtop.c,189,bug,KNOWN BUG LLVM#UCF
procps,procps-4.0.2/src/slabtop.c,310,bug,KNOWN BUG LLVM#UCF
procps,procps-4.0.2/src/slabtop.c,313,bug,KNOWN BUG LLVM#UCF
procps,procps-4.0.2/src/slabtop.c,331,bug,KNOWN BUG LLVM#UCF
procps,procps-4.0.2/src/slabtop.c,337,bug,KNOWN BUG LLVM#UCF
procps,procps-4.0.2/src/slabtop.c,343,bug,KNOWN BUG LLVM#UCF
procps,procps-4.0.2/src/slabtop.c,351,bug,KNOWN BUG LLVM#UCF
procps,procps-4.0.2/src/slabtop.c,361,bug,KNOWN BUG LLVM#UCF
procps,procps-4.0.2/src/slabtop.c,369,bug,KNOWN BUG LLVM#UCF
procps,procps-4.0.2/src/slabtop.c,377,bug,KNOWN BUG LLVM#UCF
procps,procps-4.0.2/src/slabtop.c,379,bug,KNOWN BUG LLVM#UCF
procps,procps-4.0.2/library/diskstats.c,823,conv,
procps,procps-4.0.2/library/diskstats.c,941,conv,
procps,procps-4.0.2/library/diskstats.c,988,conv,
procps,procps-4.0.2/library/meminfo.c,892,conv,
procps,procps-4.0.2/library/meminfo.c,977,conv,
procps,procps-4.0.2/library/pids.c,1617,conv,
procps,procps-4.0.2/library/readproc.c,781,conv,
procps,procps-4.0.2/library/readproc.c,783,conv,
procps,procps-4.0.2/library/readproc.c,1129,conv,
procps,procps-4.0.2/library/slabinfo.c,848,conv,
procps,procps-4.0.2/library/slabinfo.c,954,conv,
procps,procps-4.0.2/library/slabinfo.c,1000,conv,
procps,procps-4.0.2/library/stat.c,1202,conv,
procps,procps-4.0.2/library/stat.c,1350,conv,
procps,procps-4.0.2/library/stat.c,1396,conv,
procps,procps-4.0.2/library/tests/test_pids.c,59,bug,GCC#120486
procps,procps-4.0.2/library/version.c,65,conv,
procps,procps-4.0.2/library/version.c,66,conv,
procps,procps-4.0.2/local/tests.h,17,other,gcov subtlety of passing gcda or gcno as arguments
procps,procps-4.0.2/local/tests.h,20,other,gcov subtlety of passing gcda or gcno as arguments
procps,procps-4.0.2/local/xalloc.h,26,other,gcov subtlety of passing gcda or gcno as arguments
procps,procps-4.0.2/local/xalloc.h,35,other,gcov subtlety of passing gcda or gcno as arguments
procps,procps-4.0.2/local/xalloc.h,52,other,gcov subtlety of passing gcda or gcno as arguments
procps,procps-4.0.2/local/xalloc.h,55,other,gcov subtlety of passing gcda or gcno as arguments
procps,procps-4.0.2/src/pgrep.c,151,conv,
procps,procps-4.0.2/src/pgrep.c,866,conv,
procps,procps-4.0.2/src/pgrep.c,1085,conv,
procps,procps-4.0.2/src/pmap.c,358,conv,
procps,procps-4.0.2/src/pmap.c,364,conv,
procps,procps-4.0.2/src/pmap.c,829,conv,
procps,procps-4.0.2/src/ps/display.c,315,conv,
procps,procps-4.0.2/src/ps/output.c,353,conv,
procps,procps-4.0.2/src/ps/output.c,368,conv,
procps,procps-4.0.2/src/ps/select.c,99,conv,
procps,procps-4.0.2/src/ps/select.c,100,conv,
procps,procps-4.0.2/src/ps/select.c,101,conv,
procps,procps-4.0.2/src/ps/select.c,102,conv,
procps,procps-4.0.2/src/ps/select.c,104,conv,
procps,procps-4.0.2/src/ps/select.c,105,conv,
procps,procps-4.0.2/src/ps/select.c,106,conv,
procps,procps-4.0.2/src/ps/select.c,107,conv,
procps,procps-4.0.2/src/ps/select.c,109,conv,
procps,procps-4.0.2/src/ps/select.c,110,conv,
procps,procps-4.0.2/src/ps/select.c,111,conv,
procps,procps-4.0.2/src/ps/select.c,112,conv,
procps,procps-4.0.2/src/ps/select.c,113,conv,
procps,procps-4.0.2/src/ps/select.c,114,conv,
procps,procps-4.0.2/src/ps/select.c,156,conv,
procps,procps-4.0.2/src/ps/stacktrace.c,89,conv,
procps,procps-4.0.2/src/ps/stacktrace.c,155,conv,
procps,procps-4.0.2/src/slabtop.c,365,conv,
procps,procps-4.0.2/src/sysctl.c,768,conv,
procps,procps-4.0.2/src/w.c,204,conv,
psmisc,psmisc-23.6/src/fuser.c,1359,bug,KNOWN BUG LLVM#UCF
psmisc,psmisc-23.6/src/fuser.c,1367,bug,KNOWN BUG LLVM#UCF
psmisc,psmisc-23.6/src/fuser.c,1376,bug,KNOWN BUG LLVM#UCF
psmisc,psmisc-23.6/src/fuser.c,1379,bug,KNOWN BUG LLVM#UCF
psmisc,psmisc-23.6/src/fuser.c,1388,bug,KNOWN BUG LLVM#UCF
psmisc,psmisc-23.6/src/killall.c,935,bug,KNOWN BUG LLVM#UCF
psmisc,psmisc-23.6/src/killall.c,943,bug,KNOWN BUG LLVM#UCF
psmisc,psmisc-23.6/src/killall.c,1053,bug,KNOWN BUG LLVM#UCF
psmisc,psmisc-23.6/src/killall.c,1056,bug,KNOWN BUG LLVM#UCF
psmisc,psmisc-23.6/src/killall.c,1061,bug,KNOWN BUG LLVM#UCF
psmisc,psmisc-23.6/src/pslog.c,92,bug,KNOWN BUG LLVM#UCF
psmisc,psmisc-23.6/src/pslog.c,96,bug,KNOWN BUG LLVM#UCF
psmisc,psmisc-23.6/src/pslog.c,113,bug,KNOWN BUG LLVM#UCF
psmisc,psmisc-23.6/src/pslog.c,122,bug,KNOWN BUG LLVM#UCF
psmisc,psmisc-23.6/src/pslog.c,129,bug,KNOWN BUG LLVM#UCF
psmisc,psmisc-23.6/src/pslog.c,137,bug,KNOWN BUG LLVM#UCF
psmisc,psmisc-23.6/src/pslog.c,146,bug,KNOWN BUG LLVM#UCF
psmisc,psmisc-23.6/src/pslog.c,163,bug,KNOWN BUG LLVM#UCF
psmisc,psmisc-23.6/src/fuser.c,418,bug,KNOWN BUG GCC#97923
psmisc,psmisc-23.6/src/fuser.c,581,conv,
psmisc,psmisc-23.6/src/fuser.c,582,conv,
psmisc,psmisc-23.6/src/fuser.c,694,conv,
psmisc,psmisc-23.6/src/fuser.c,1075,conv,
psmisc,psmisc-23.6/src/killall.c,157,conv,
psmisc,psmisc-23.6/src/killall.c,179,conv,
psmisc,psmisc-23.6/src/killall.c,944,conv,
