bzip2,bzip2-1.0.8/blocksort.c,135,bug,GCC#120321
bzip2,bzip2-1.0.8/blocksort.c,166,conv,
bzip2,bzip2-1.0.8/blocksort.c,167,conv,
bzip2,bzip2-1.0.8/blocksort.c,514,bug,GCC#121901
bzip2,bzip2-1.0.8/blocksort.c,528,bug,GCC#121901
bzip2,bzip2-1.0.8/blocksort.c,542,bug,GCC#121901
bzip2,bzip2-1.0.8/blocksort.c,664,bug,GCC#120321
bzip2,bzip2-1.0.8/blocksort.c,696,conv,
bzip2,bzip2-1.0.8/blocksort.c,697,conv,
bzip2,bzip2-1.0.8/blocksort.c,856,bug,GCC#120332
bzip2,bzip2-1.0.8/bzlib.c,373,bug,KNOWN BUG GCC#97923
bzip2,bzip2-1.0.8/bzlib.c,374,bug,KNOWN BUG GCC#97923
bzip2,bzip2-1.0.8/bzlib.c,761,bug,GCC#120321
bzip2,bzip2-1.0.8/bzlib.c,1205,conv,
bzip2,bzip2-1.0.8/bzlib.c,1210,conv,
bzip2,bzip2-1.0.8/compress.c,75,conv,
bzip2,bzip2-1.0.8/compress.c,296,conv,
bzip2,bzip2-1.0.8/compress.c,297,conv,
bzip2,bzip2-1.0.8/compress.c,554,bug,GCC#121897
bzip2,bzip2-1.0.8/decompress.c,197,conv,
bzip2,bzip2-1.0.8/decompress.c,200,conv,
bzip2,bzip2-1.0.8/decompress.c,203,conv,
bzip2,bzip2-1.0.8/decompress.c,206,conv,
bzip2,bzip2-1.0.8/decompress.c,222,conv,
bzip2,bzip2-1.0.8/decompress.c,226,conv,
bzip2,bzip2-1.0.8/decompress.c,228,conv,
bzip2,bzip2-1.0.8/decompress.c,230,conv,
bzip2,bzip2-1.0.8/decompress.c,232,conv,
bzip2,bzip2-1.0.8/decompress.c,234,conv,
bzip2,bzip2-1.0.8/decompress.c,242,conv,
bzip2,bzip2-1.0.8/decompress.c,244,conv,
bzip2,bzip2-1.0.8/decompress.c,246,conv,
bzip2,bzip2-1.0.8/decompress.c,248,conv,
bzip2,bzip2-1.0.8/decompress.c,251,conv,
bzip2,bzip2-1.0.8/decompress.c,254,conv,
bzip2,bzip2-1.0.8/decompress.c,256,conv,
bzip2,bzip2-1.0.8/decompress.c,258,conv,
bzip2,bzip2-1.0.8/decompress.c,268,conv,
bzip2,bzip2-1.0.8/decompress.c,279,conv,
bzip2,bzip2-1.0.8/decompress.c,289,conv,
bzip2,bzip2-1.0.8/decompress.c,294,conv,
bzip2,bzip2-1.0.8/decompress.c,324,conv,
bzip2,bzip2-1.0.8/decompress.c,328,conv,
bzip2,bzip2-1.0.8/decompress.c,330,conv,
bzip2,bzip2-1.0.8/decompress.c,379,conv,
bzip2,bzip2-1.0.8/decompress.c,400,conv,
bzip2,bzip2-1.0.8/decompress.c,489,conv,
bzip2,bzip2-1.0.8/decompress.c,590,conv,
bzip2,bzip2-1.0.8/decompress.c,592,conv,
bzip2,bzip2-1.0.8/decompress.c,594,conv,
bzip2,bzip2-1.0.8/decompress.c,596,conv,
bzip2,bzip2-1.0.8/decompress.c,598,conv,
bzip2,bzip2-1.0.8/decompress.c,602,conv,
bzip2,bzip2-1.0.8/decompress.c,604,conv,
bzip2,bzip2-1.0.8/decompress.c,606,conv,
bzip2,bzip2-1.0.8/decompress.c,608,conv,
bzip2,bzip2-1.0.8/huffman.c,95,conv,
bzip2,bzip2-1.0.8/huffman.c,101,conv,
bzip2,bzip2-1.0.8/huffman.c,102,conv,
bzip2,bzip2-1.0.8/huffman.c,109,conv,
ifupdown,ifupdown-0.8.41/config.c,597,bug,GCC#121902
ifupdown,ifupdown-0.8.41/config.c,696,bug,GCC#121897
ifupdown,ifupdown-0.8.41/execute.c,63,other,reading environment variables during program execution
ifupdown,ifupdown-0.8.41/execute.c,64,other,reading environment variables during program execution
ifupdown,ifupdown-0.8.41/execute.c,79,other,reading environment variables during program execution
ifupdown,ifupdown-0.8.41/execute.c,80,other,reading environment variables during program execution
ifupdown,ifupdown-0.8.41/main.c,452,bug,GCC#120321
ifupdown,ifupdown-0.8.41/main.c,838,bug,GCC#121897
ifupdown,ifupdown-0.8.41/main.c,1207,conv,
ifupdown,ifupdown-0.8.41/main.c,1429,conv,
ifupdown,ifupdown-0.8.41/main.c,1489,bug,KNOWN BUG LLVM#UCF
ifupdown,ifupdown-0.8.41/main.c,1492,bug,KNOWN BUG LLVM#UCF
ifupdown,ifupdown-0.8.41/main.c,1495,bug,KNOWN BUG LLVM#UCF
ifupdown,ifupdown-0.8.41/main.c,1498,bug,"GCC#120332,KNOWN BUG LLVM#UCF"
distro-info,distro-info-1.5+deb12u1/debian-distro-info.c,29,bug,GCC#120486
distro-info,distro-info-1.5+deb12u1/debian-distro-info.c,30,bug,GCC#120486
distro-info,distro-info-1.5+deb12u1/distro-info-util.c,108,bug,GCC#120486
distro-info,distro-info-1.5+deb12u1/distro-info-util.c,148,bug,GCC#120486
distro-info,distro-info-1.5+deb12u1/distro-info-util.c,173,bug,GCC#120486
distro-info,distro-info-1.5+deb12u1/distro-info-util.c,174,bug,GCC#120486
distro-info,distro-info-1.5+deb12u1/distro-info-util.c,175,bug,GCC#120486
distro-info,distro-info-1.5+deb12u1/distro-info-util.c,176,bug,GCC#120486
distro-info,distro-info-1.5+deb12u1/distro-info-util.c,180,bug,GCC#120486
distro-info,distro-info-1.5+deb12u1/distro-info-util.c,185,bug,GCC#120486
distro-info,distro-info-1.5+deb12u1/distro-info-util.c,186,bug,GCC#120486
distro-info,distro-info-1.5+deb12u1/distro-info-util.c,187,bug,GCC#120486
distro-info,distro-info-1.5+deb12u1/distro-info-util.c,191,bug,GCC#120486
distro-info,distro-info-1.5+deb12u1/distro-info-util.c,194,bug,GCC#120486
distro-info,distro-info-1.5+deb12u1/distro-info-util.c,195,bug,GCC#120486
distro-info,distro-info-1.5+deb12u1/distro-info-util.c,203,bug,GCC#120486
distro-info,distro-info-1.5+deb12u1/distro-info-util.c,204,bug,GCC#120486
distro-info,distro-info-1.5+deb12u1/distro-info-util.c,209,bug,GCC#120486
distro-info,distro-info-1.5+deb12u1/distro-info-util.c,210,bug,GCC#120486
distro-info,distro-info-1.5+deb12u1/distro-info-util.c,270,bug,GCC#120486
distro-info,distro-info-1.5+deb12u1/distro-info-util.c,284,bug,GCC#120486
distro-info,distro-info-1.5+deb12u1/distro-info-util.c,759,bug,LLVM#158080
distro-info,distro-info-1.5+deb12u1/distro-info-util.c,875,bug,LLVM#158080
distro-info,distro-info-1.5+deb12u1/distro-info-util.c,879,bug,LLVM#157946
distro-info,distro-info-1.5+deb12u1/ubuntu-distro-info.c,33,bug,GCC#120486
distro-info,distro-info-1.5+deb12u1/ubuntu-distro-info.c,34,bug,GCC#120486
lsof,lsof-4.95.0/arg.c,1887,conv,
lsof,lsof-4.95.0/arg.c,1893,conv,
lsof,lsof-4.95.0/dnode.c,359,bug,GCC#120486
lsof,lsof-4.95.0/dnode.c,361,bug,GCC#120486
lsof,lsof-4.95.0/main.c,1179,bug,KNOWN BUG LLVM#UCF
lsof,lsof-4.95.0/main.c,1191,bug,KNOWN BUG LLVM#UCF
lsof,lsof-4.95.0/main.c,1195,bug,KNOWN BUG LLVM#UCF
lsof,lsof-4.95.0/main.c,1199,bug,KNOWN BUG LLVM#UCF
lsof,lsof-4.95.0/main.c,1201,bug,KNOWN BUG LLVM#UCF
lsof,lsof-4.95.0/main.c,1203,bug,KNOWN BUG LLVM#UCF
lsof,lsof-4.95.0/main.c,1205,bug,KNOWN BUG LLVM#UCF
lsof,lsof-4.95.0/main.c,1207,bug,KNOWN BUG LLVM#UCF
lsof,lsof-4.95.0/main.c,1209,bug,KNOWN BUG LLVM#UCF
lsof,lsof-4.95.0/main.c,1211,bug,KNOWN BUG LLVM#UCF
lsof,lsof-4.95.0/main.c,1213,bug,KNOWN BUG LLVM#UCF
lsof,lsof-4.95.0/main.c,1221,bug,KNOWN BUG LLVM#UCF
lsof,lsof-4.95.0/main.c,1223,bug,KNOWN BUG LLVM#UCF
lsof,lsof-4.95.0/main.c,1231,bug,KNOWN BUG LLVM#UCF
lsof,lsof-4.95.0/main.c,1232,bug,KNOWN BUG LLVM#UCF
lsof,lsof-4.95.0/main.c,1234,bug,KNOWN BUG LLVM#UCF
lsof,lsof-4.95.0/main.c,1239,bug,KNOWN BUG LLVM#UCF
lsof,lsof-4.95.0/main.c,1260,bug,KNOWN BUG LLVM#UCF
lsof,lsof-4.95.0/main.c,1264,bug,KNOWN BUG LLVM#UCF
lsof,lsof-4.95.0/main.c,1271,bug,KNOWN BUG LLVM#UCF
lsof,lsof-4.95.0/main.c,1272,bug,KNOWN BUG LLVM#UCF
lsof,lsof-4.95.0/main.c,1295,bug,KNOWN BUG LLVM#UCF
lsof,lsof-4.95.0/main.c,1296,bug,KNOWN BUG LLVM#UCF
lsof,lsof-4.95.0/main.c,1297,bug,KNOWN BUG LLVM#UCF
lsof,lsof-4.95.0/main.c,1298,bug,KNOWN BUG LLVM#UCF
lsof,lsof-4.95.0/main.c,1299,bug,KNOWN BUG LLVM#UCF
lsof,lsof-4.95.0/main.c,1300,bug,KNOWN BUG LLVM#UCF
lsof,lsof-4.95.0/main.c,1301,bug,KNOWN BUG LLVM#UCF
lsof,lsof-4.95.0/main.c,1302,bug,KNOWN BUG LLVM#UCF
lsof,lsof-4.95.0/main.c,1303,bug,KNOWN BUG LLVM#UCF
lsof,lsof-4.95.0/main.c,1304,bug,KNOWN BUG LLVM#UCF
lsof,lsof-4.95.0/main.c,1305,bug,KNOWN BUG LLVM#UCF
lsof,lsof-4.95.0/main.c,1306,bug,KNOWN BUG LLVM#UCF
lsof,lsof-4.95.0/main.c,1312,bug,KNOWN BUG LLVM#UCF
lsof,lsof-4.95.0/main.c,1321,bug,KNOWN BUG LLVM#UCF
lsof,lsof-4.95.0/main.c,1328,bug,KNOWN BUG LLVM#UCF
lsof,lsof-4.95.0/main.c,1332,bug,KNOWN BUG LLVM#UCF
lsof,lsof-4.95.0/main.c,1352,bug,KNOWN BUG LLVM#UCF
lsof,lsof-4.95.0/main.c,1513,bug,KNOWN BUG LLVM#UCF
lsof,lsof-4.95.0/main.c,1583,bug,KNOWN BUG LLVM#UCF
lsof,lsof-4.95.0/main.c,1585,bug,KNOWN BUG LLVM#UCF
lsof,lsof-4.95.0/main.c,1590,bug,KNOWN BUG LLVM#UCF
lsof,lsof-4.95.0/main.c,1591,bug,KNOWN BUG LLVM#UCF
lsof,lsof-4.95.0/main.c,1592,bug,KNOWN BUG LLVM#UCF
lsof,lsof-4.95.0/main.c,1605,bug,KNOWN BUG LLVM#UCF
lsof,lsof-4.95.0/main.c,1618,bug,KNOWN BUG LLVM#UCF
lsof,lsof-4.95.0/main.c,1659,bug,KNOWN BUG LLVM#UCF
lsof,lsof-4.95.0/main.c,1701,bug,KNOWN BUG LLVM#UCF
lsof,lsof-4.95.0/main.c,1712,bug,KNOWN BUG LLVM#UCF
lsof,lsof-4.95.0/main.c,1726,bug,KNOWN BUG LLVM#UCF
lsof,lsof-4.95.0/main.c,1742,bug,KNOWN BUG LLVM#UCF
lsof,lsof-4.95.0/main.c,1751,bug,KNOWN BUG LLVM#UCF
lsof,lsof-4.95.0/main.c,1765,bug,KNOWN BUG LLVM#UCF
lsof,lsof-4.95.0/main.c,1797,bug,KNOWN BUG LLVM#UCF
lsof,lsof-4.95.0/main.c,1814,bug,KNOWN BUG LLVM#UCF
lsof,lsof-4.95.0/main.c,1826,bug,KNOWN BUG LLVM#UCF
lsof,lsof-4.95.0/main.c,1844,bug,KNOWN BUG LLVM#UCF
lsof,lsof-4.95.0/main.c,1846,bug,KNOWN BUG LLVM#UCF
lsof,lsof-4.95.0/main.c,1848,bug,KNOWN BUG LLVM#UCF
lsof,lsof-4.95.0/main.c,1887,conv,
lsof,lsof-4.95.0/main.c,1888,conv,
lsof,lsof-4.95.0/main.c,1949,conv,
lsof,lsof-4.95.0/usage.c,943,bug,KNOWN BUG GCC#97923
lzo2,lzo2-2.10/lzotest/lzotest.c,1901,other,main function looping over argv[0]
lzo2,lzo2-2.10/lzotest/lzotest.c,1902,other,main function looping over argv[0]
lzo2,lzo2-2.10/minilzo/minilzo.c,3892,bug,GCC#121914
lzo2,lzo2-2.10/minilzo/minilzo.c,3914,bug,GCC#121914
lzo2,lzo2-2.10/minilzo/minilzo.c,3930,bug,GCC#121914
lzo2,lzo2-2.10/minilzo/minilzo.c,3943,bug,GCC#121914
lzo2,lzo2-2.10/minilzo/minilzo.c,4625,bug,KNOWN BUG GCC#97923
lzo2,lzo2-2.10/minilzo/minilzo.c,5108,bug,GCC#120478
lzo2,lzo2-2.10/minilzo/minilzo.c,5112,bug,GCC#120478
lzo2,lzo2-2.10/minilzo/minilzo.c,5115,conv,
lzo2,lzo2-2.10/minilzo/minilzo.c,5507,bug,GCC#120321
lzo2,lzo2-2.10/minilzo/minilzo.c,5572,bug,GCC#120321
lzo2,lzo2-2.10/src/lzo1.c,236,conv,
lzo2,lzo2-2.10/src/lzo1.c,256,conv,
lzo2,lzo2-2.10/src/lzo1.c,305,conv,
lzo2,lzo2-2.10/src/lzo1.c,311,conv,
lzo2,lzo2-2.10/src/lzo1.c,409,conv,
lzo2,lzo2-2.10/src/lzo1a.c,171,conv,
lzo2,lzo2-2.10/src/lzo1a.c,193,bug,GCC#120332
lzo2,lzo2-2.10/src/lzo1a.c,205,conv,
lzo2,lzo2-2.10/src/lzo1a.c,216,conv,
lzo2,lzo2-2.10/src/lzo1a.c,371,conv,
lzo2,lzo2-2.10/src/lzo1a.c,380,conv,
lzo2,lzo2-2.10/src/lzo1a_cr.ch,103,conv,
lzo2,lzo2-2.10/src/lzo1b_9x.c,174,conv,
lzo2,lzo2-2.10/src/lzo1b_9x.c,235,conv,
lzo2,lzo2-2.10/src/lzo1b_c.ch,124,bug,GCC#120321
lzo2,lzo2-2.10/src/lzo1b_c.ch,161,bug,GCC#120332
lzo2,lzo2-2.10/src/lzo1b_cr.ch,84,conv,
lzo2,lzo2-2.10/src/lzo1b_cr.ch,95,conv,
lzo2,lzo2-2.10/src/lzo1b_d.ch,108,conv,
lzo2,lzo2-2.10/src/lzo1b_d.ch,147,bug,GCC#120332
lzo2,lzo2-2.10/src/lzo1b_d.ch,162,conv,
lzo2,lzo2-2.10/src/lzo1b_d.ch,203,conv,
lzo2,lzo2-2.10/src/lzo1b_d.ch,209,conv,
lzo2,lzo2-2.10/src/lzo1b_r.ch,86,conv,
lzo2,lzo2-2.10/src/lzo1b_r.ch,95,conv,
lzo2,lzo2-2.10/src/lzo1c_9x.c,176,conv,
lzo2,lzo2-2.10/src/lzo1c_9x.c,241,conv,
lzo2,lzo2-2.10/src/lzo1c_9x.c,295,conv,
lzo2,lzo2-2.10/src/lzo1f_1.c,73,bug,GCC#120321
lzo2,lzo2-2.10/src/lzo1f_1.c,129,bug,GCC#120332
lzo2,lzo2-2.10/src/lzo1f_1.c,137,bug,LLVM#157959
lzo2,lzo2-2.10/src/lzo1f_1.c,171,conv,
lzo2,lzo2-2.10/src/lzo1f_9x.c,63,conv,
lzo2,lzo2-2.10/src/lzo1f_9x.c,216,conv,
lzo2,lzo2-2.10/src/lzo1f_9x.c,221,conv,
lzo2,lzo2-2.10/src/lzo1f_9x.c,228,conv,
lzo2,lzo2-2.10/src/lzo1f_d.ch,86,conv,
lzo2,lzo2-2.10/src/lzo1f_d.ch,107,bug,GCC#120332
lzo2,lzo2-2.10/src/lzo1f_d.ch,156,conv,
lzo2,lzo2-2.10/src/lzo1f_d.ch,161,bug,GCC#120332
lzo2,lzo2-2.10/src/lzo1x_9x.c,465,conv,
lzo2,lzo2-2.10/src/lzo1x_9x.c,481,conv,
lzo2,lzo2-2.10/src/lzo1x_9x.c,492,conv,
lzo2,lzo2-2.10/src/lzo1x_9x.c,504,conv,
lzo2,lzo2-2.10/src/lzo1x_9x.c,505,conv,
lzo2,lzo2-2.10/src/lzo1x_9x.c,615,conv,
lzo2,lzo2-2.10/src/lzo1x_9x.c,621,conv,
lzo2,lzo2-2.10/src/lzo1x_9x.c,623,conv,
lzo2,lzo2-2.10/src/lzo1x_c.ch,176,bug,GCC#120478
lzo2,lzo2-2.10/src/lzo1x_c.ch,180,bug,GCC#120478
lzo2,lzo2-2.10/src/lzo1x_c.ch,183,conv,
lzo2,lzo2-2.10/src/lzo1x_d.ch,98,bug,GCC#120321
lzo2,lzo2-2.10/src/lzo1x_d.ch,166,bug,GCC#120332
lzo2,lzo2-2.10/src/lzo1x_d.ch,420,bug,GCC#120332
lzo2,lzo2-2.10/src/lzo1x_d.ch,427,bug,GCC#120332
lzo2,lzo2-2.10/src/lzo1x_d.ch,437,bug,GCC#120332
lzo2,lzo2-2.10/src/lzo2a_9x.c,179,conv,
lzo2,lzo2-2.10/src/lzo2a_9x.c,183,conv,
lzo2,lzo2-2.10/src/lzo2a_d.ch,87,conv,
lzo2,lzo2-2.10/src/lzo2a_d.ch,135,conv,
lzo2,lzo2-2.10/src/lzo_init.c,221,bug,KNOWN BUG GCC#97923
lzo2,lzo2-2.10/src/lzo_swd.ch,534,conv,
lzo2,lzo2-2.10/src/lzo_swd.ch,536,conv,
lzo2,lzo2-2.10/src/lzo_swd.ch,537,conv,
mawk,mawk-1.3.4.20200120/bi_funct.c,1191,conv,
mawk,mawk-1.3.4.20200120/bi_funct.c,1192,conv,
mawk,mawk-1.3.4.20200120/bi_funct.c,1193,conv,
mawk,mawk-1.3.4.20200120/bi_funct.c,814,bug,GCC#120486
mawk,mawk-1.3.4.20200120/bi_funct.c,816,bug,GCC#120486
mawk,mawk-1.3.4.20200120/execute.c,1135,bug,KNOWN BUG LLVM#UCF
mawk,mawk-1.3.4.20200120/execute.c,1136,bug,KNOWN BUG LLVM#UCF
mawk,mawk-1.3.4.20200120/execute.c,1137,bug,KNOWN BUG LLVM#UCF
mawk,mawk-1.3.4.20200120/execute.c,1145,bug,KNOWN BUG LLVM#UCF
mawk,mawk-1.3.4.20200120/execute.c,1158,bug,KNOWN BUG LLVM#UCF
mawk,mawk-1.3.4.20200120/execute.c,1159,bug,KNOWN BUG LLVM#UCF
mawk,mawk-1.3.4.20200120/execute.c,1160,bug,KNOWN BUG LLVM#UCF
mawk,mawk-1.3.4.20200120/execute.c,1174,bug,KNOWN BUG LLVM#UCF
mawk,mawk-1.3.4.20200120/execute.c,1366,conv,
mawk,mawk-1.3.4.20200120/execute.c,1411,conv,
mawk,mawk-1.3.4.20200120/execute.c,1424,conv,
mawk,mawk-1.3.4.20200120/execute.c,818,conv,
mawk,mawk-1.3.4.20200120/execute.c,821,bug,KNOWN BUG LLVM#UCF
mawk,mawk-1.3.4.20200120/execute.c,991,bug,GCC#117412
mawk,mawk-1.3.4.20200120/fcall.c,194,bug,KNOWN BUG GCC#97923
mawk,mawk-1.3.4.20200120/files.c,357,bug,KNOWN BUG LLVM#UCF
mawk,mawk-1.3.4.20200120/files.c,374,bug,KNOWN BUG LLVM#UCF
mawk,mawk-1.3.4.20200120/files.c,375,bug,KNOWN BUG LLVM#UCF
mawk,mawk-1.3.4.20200120/files.c,377,conv,
mawk,mawk-1.3.4.20200120/fin.c,269,bug,GCC#120332
mawk,mawk-1.3.4.20200120/fin.c,289,conv,
mawk,mawk-1.3.4.20200120/fin.c,405,bug,GCC#120332
mawk,mawk-1.3.4.20200120/fin.c,558,conv,
mawk,mawk-1.3.4.20200120/init.c,496,bug,KNOWN BUG LLVM#UCF
mawk,mawk-1.3.4.20200120/init.c,507,bug,KNOWN BUG LLVM#UCF
mawk,mawk-1.3.4.20200120/init.c,510,conv,
mawk,mawk-1.3.4.20200120/init.c,88,bug,KNOWN BUG LLVM#UCF
mawk,mawk-1.3.4.20200120/init.c,89,bug,KNOWN BUG LLVM#UCF
mawk,mawk-1.3.4.20200120/init.c,90,bug,KNOWN BUG LLVM#UCF
mawk,mawk-1.3.4.20200120/init.c,95,conv,
mawk,mawk-1.3.4.20200120/main.c,105,bug,KNOWN BUG LLVM#UCF
mawk,mawk-1.3.4.20200120/main.c,52,bug,KNOWN BUG LLVM#UCF
mawk,mawk-1.3.4.20200120/main.c,53,bug,KNOWN BUG LLVM#UCF
mawk,mawk-1.3.4.20200120/main.c,54,bug,KNOWN BUG LLVM#UCF
mawk,mawk-1.3.4.20200120/main.c,55,bug,KNOWN BUG LLVM#UCF
mawk,mawk-1.3.4.20200120/main.c,56,bug,KNOWN BUG LLVM#UCF
mawk,mawk-1.3.4.20200120/main.c,57,bug,KNOWN BUG LLVM#UCF
mawk,mawk-1.3.4.20200120/main.c,63,bug,KNOWN BUG LLVM#UCF
mawk,mawk-1.3.4.20200120/main.c,68,bug,KNOWN BUG LLVM#UCF
mawk,mawk-1.3.4.20200120/main.c,70,bug,KNOWN BUG LLVM#UCF
mawk,mawk-1.3.4.20200120/main.c,71,bug,KNOWN BUG LLVM#UCF
mawk,mawk-1.3.4.20200120/parse.c,3296,bug,GCC#120486
mawk,mawk-1.3.4.20200120/parse.c,3297,bug,GCC#120486
mawk,mawk-1.3.4.20200120/parse.c,3298,bug,GCC#120486
mawk,mawk-1.3.4.20200120/print.c,128,bug,KNOWN BUG LLVM#UCF
mawk,mawk-1.3.4.20200120/print.c,43,conv,
mawk,mawk-1.3.4.20200120/print.c,473,bug,KNOWN BUG GCC#97923
mawk,mawk-1.3.4.20200120/print.c,474,bug,KNOWN BUG GCC#97923
mawk,mawk-1.3.4.20200120/print.c,58,bug,LLVM#158080
mawk,mawk-1.3.4.20200120/re_cmpl.c,253,conv,
mawk,mawk-1.3.4.20200120/re_cmpl.c,53,conv,
mawk,mawk-1.3.4.20200120/re_cmpl.c,85,bug,GCC#120332
mawk,mawk-1.3.4.20200120/rexp0.c,122,conv,
mawk,mawk-1.3.4.20200120/rexp0.c,169,conv,
mawk,mawk-1.3.4.20200120/rexp0.c,215,bug,KNOWN BUG LLVM#UCF
mawk,mawk-1.3.4.20200120/rexp0.c,233,bug,LLVM#158080
mawk,mawk-1.3.4.20200120/rexp0.c,292,bug,GCC#120332
mawk,mawk-1.3.4.20200120/rexp0.c,620,bug,KNOWN BUG LLVM#UCF
mawk,mawk-1.3.4.20200120/rexp0.c,621,bug,KNOWN BUG LLVM#UCF
mawk,mawk-1.3.4.20200120/rexp0.c,623,bug,KNOWN BUG LLVM#UCF
mawk,mawk-1.3.4.20200120/rexp0.c,624,bug,KNOWN BUG LLVM#UCF
mawk,mawk-1.3.4.20200120/rexp0.c,626,bug,KNOWN BUG LLVM#UCF
mawk,mawk-1.3.4.20200120/rexp0.c,630,bug,KNOWN BUG LLVM#UCF
mawk,mawk-1.3.4.20200120/rexp0.c,632,bug,KNOWN BUG LLVM#UCF
mawk,mawk-1.3.4.20200120/rexp0.c,634,bug,KNOWN BUG LLVM#UCF
mawk,mawk-1.3.4.20200120/rexp0.c,690,bug,KNOWN BUG LLVM#UCF
mawk,mawk-1.3.4.20200120/rexp0.c,696,bug,KNOWN BUG LLVM#UCF
mawk,mawk-1.3.4.20200120/rexp0.c,697,bug,KNOWN BUG LLVM#UCF
mawk,mawk-1.3.4.20200120/rexp1.c,148,conv,
mawk,mawk-1.3.4.20200120/rexp2.c,179,bug,GCC#121896
mawk,mawk-1.3.4.20200120/rexp2.c,255,bug,GCC#120321
mawk,mawk-1.3.4.20200120/rexp2.c,359,bug,LLVM#158003
mawk,mawk-1.3.4.20200120/rexp2.c,361,bug,LLVM#158003
mawk,mawk-1.3.4.20200120/rexp2.c,368,bug,LLVM#158003
mawk,mawk-1.3.4.20200120/rexp2.c,369,bug,LLVM#158003
mawk,mawk-1.3.4.20200120/rexp3.c,394,conv,
mawk,mawk-1.3.4.20200120/rexp3.c,416,conv,
mawk,mawk-1.3.4.20200120/rexp3.c,419,bug,LLVM#140427
mawk,mawk-1.3.4.20200120/rexp3.c,432,conv,
mawk,mawk-1.3.4.20200120/rexp3.c,76,bug,GCC#121896
mawk,mawk-1.3.4.20200120/rexp3.c,85,bug,GCC#120332
mawk,mawk-1.3.4.20200120/rexp.c,121,bug,KNOWN BUG LLVM#UCF
mawk,mawk-1.3.4.20200120/rexp.c,122,bug,KNOWN BUG LLVM#UCF
mawk,mawk-1.3.4.20200120/rexp.c,123,bug,KNOWN BUG LLVM#UCF
mawk,mawk-1.3.4.20200120/rexp.c,125,bug,KNOWN BUG LLVM#UCF
mawk,mawk-1.3.4.20200120/rexp.c,130,conv,
mawk,mawk-1.3.4.20200120/rexp.h,192,conv,
mawk,mawk-1.3.4.20200120/scan.c,401,bug,LLVM#140427
mawk,mawk-1.3.4.20200120/scan.c,525,conv,
mawk,mawk-1.3.4.20200120/scan.c,642,conv,
procps,procps-4.0.2/library/diskstats.c,521,conv,
procps,procps-4.0.2/library/meminfo.c,475,bug,GCC#120321
procps,procps-4.0.2/library/meminfo.c,650,conv,
procps,procps-4.0.2/library/stat.c,410,bug,GCC#120321
procps,procps-4.0.2/library/stat.c,722,conv,
procps,procps-4.0.2/library/tests/test_pids.c,46,bug,GCC#120486
procps,procps-4.0.2/library/tests/test_pids.c,47,bug,GCC#120486
procps,procps-4.0.2/library/tests/test_pids.c,57,bug,GCC#120486
procps,procps-4.0.2/library/tests/test_pids.c,59,bug,GCC#120486
procps,procps-4.0.2/src/free.c,343,bug,GCC#120486
procps,procps-4.0.2/src/free.c,348,bug,KNOWN BUG LLVM#UCF
procps,procps-4.0.2/src/free.c,393,conv,
procps,procps-4.0.2/src/pgrep.c,851,conv,
procps,procps-4.0.2/src/pgrep.c,1051,bug,KNOWN BUG LLVM#UCF
procps,procps-4.0.2/src/pgrep.c,1084,bug,KNOWN BUG LLVM#UCF
procps,procps-4.0.2/src/pgrep.c,1085,bug,KNOWN BUG LLVM#UCF
procps,procps-4.0.2/src/ps/display.c,639,conv,
procps,procps-4.0.2/src/ps/display.c,659,bug,KNOWN BUG LLVM#UCF
procps,procps-4.0.2/src/ps/display.c,666,bug,KNOWN BUG LLVM#UCF
procps,procps-4.0.2/src/ps/display.c,668,bug,KNOWN BUG LLVM#UCF
procps,procps-4.0.2/src/ps/display.c,669,bug,KNOWN BUG LLVM#UCF
procps,procps-4.0.2/src/ps/display.c,671,bug,KNOWN BUG LLVM#UCF
procps,procps-4.0.2/src/ps/display.c,672,bug,KNOWN BUG LLVM#UCF
procps,procps-4.0.2/src/ps/display.c,673,bug,KNOWN BUG LLVM#UCF
procps,procps-4.0.2/src/ps/display.c,675,bug,KNOWN BUG LLVM#UCF
procps,procps-4.0.2/src/ps/display.c,676,bug,KNOWN BUG LLVM#UCF
procps,procps-4.0.2/src/ps/global.c,370,bug,LLVM#157959
procps,procps-4.0.2/src/ps/sortformat.c,592,conv,
procps,procps-4.0.2/src/pwdx.c,104,bug,KNOWN BUG LLVM#UCF
procps,procps-4.0.2/src/pwdx.c,120,bug,KNOWN BUG LLVM#UCF
procps,procps-4.0.2/src/pwdx.c,129,bug,KNOWN BUG LLVM#UCF
procps,procps-4.0.2/src/pwdx.c,133,bug,KNOWN BUG LLVM#UCF
procps,procps-4.0.2/src/pwdx.c,135,bug,KNOWN BUG LLVM#UCF
procps,procps-4.0.2/src/pwdx.c,141,bug,KNOWN BUG LLVM#UCF
procps,procps-4.0.2/src/pwdx.c,142,bug,KNOWN BUG LLVM#UCF
procps,procps-4.0.2/src/pwdx.c,145,bug,KNOWN BUG LLVM#UCF
procps,procps-4.0.2/src/pwdx.c,147,bug,KNOWN BUG LLVM#UCF
procps,procps-4.0.2/src/pwdx.c,148,bug,KNOWN BUG LLVM#UCF
procps,procps-4.0.2/src/slabtop.c,187,bug,KNOWN BUG LLVM#UCF
procps,procps-4.0.2/src/slabtop.c,188,bug,KNOWN BUG LLVM#UCF
procps,procps-4.0.2/src/slabtop.c,189,bug,KNOWN BUG LLVM#UCF
procps,procps-4.0.2/src/slabtop.c,191,bug,KNOWN BUG LLVM#UCF
procps,procps-4.0.2/src/slabtop.c,198,bug,KNOWN BUG LLVM#UCF
procps,procps-4.0.2/src/slabtop.c,199,bug,KNOWN BUG LLVM#UCF
procps,procps-4.0.2/src/sysctl.c,953,conv,
procps,procps-4.0.2/src/vmstat.c,289,conv,
procps,procps-4.0.2/src/vmstat.c,293,conv,
procps,procps-4.0.2/src/vmstat.c,421,conv,
procps,procps-4.0.2/src/vmstat.c,966,conv,
procps,procps-4.0.2/src/w.c,585,conv,
psmisc,psmisc-23.6/src/fuser.c,1305,conv,
psmisc,psmisc-23.6/src/fuser.c,1359,bug,KNOWN BUG LLVM#UCF
psmisc,psmisc-23.6/src/fuser.c,1367,bug,KNOWN BUG LLVM#UCF
psmisc,psmisc-23.6/src/fuser.c,1376,bug,KNOWN BUG LLVM#UCF
psmisc,psmisc-23.6/src/fuser.c,1379,bug,KNOWN BUG LLVM#UCF
psmisc,psmisc-23.6/src/fuser.c,1388,bug,KNOWN BUG LLVM#UCF
psmisc,psmisc-23.6/src/fuser.c,1398,bug,KNOWN BUG LLVM#UCF
psmisc,psmisc-23.6/src/fuser.c,1399,bug,KNOWN BUG LLVM#UCF
psmisc,psmisc-23.6/src/fuser.c,1401,bug,KNOWN BUG LLVM#UCF
psmisc,psmisc-23.6/src/fuser.c,1402,bug,KNOWN BUG LLVM#UCF
psmisc,psmisc-23.6/src/fuser.c,1407,bug,KNOWN BUG LLVM#UCF
psmisc,psmisc-23.6/src/fuser.c,1409,bug,KNOWN BUG LLVM#UCF
psmisc,psmisc-23.6/src/fuser.c,1411,bug,KNOWN BUG LLVM#UCF
psmisc,psmisc-23.6/src/fuser.c,1412,bug,KNOWN BUG LLVM#UCF
psmisc,psmisc-23.6/src/fuser.c,1413,bug,KNOWN BUG LLVM#UCF
psmisc,psmisc-23.6/src/fuser.c,1414,bug,KNOWN BUG LLVM#UCF
psmisc,psmisc-23.6/src/fuser.c,1415,bug,KNOWN BUG LLVM#UCF
psmisc,psmisc-23.6/src/fuser.c,1416,bug,KNOWN BUG LLVM#UCF
psmisc,psmisc-23.6/src/fuser.c,2067,bug,LLVM#157981
psmisc,psmisc-23.6/src/fuser.c,2076,conv,
psmisc,psmisc-23.6/src/killall.c,934,bug,KNOWN BUG LLVM#UCF
psmisc,psmisc-23.6/src/killall.c,935,bug,KNOWN BUG LLVM#UCF
psmisc,psmisc-23.6/src/killall.c,939,bug,KNOWN BUG LLVM#UCF
psmisc,psmisc-23.6/src/killall.c,942,bug,KNOWN BUG LLVM#UCF
psmisc,psmisc-23.6/src/killall.c,943,bug,KNOWN BUG LLVM#UCF
psmisc,psmisc-23.6/src/killall.c,1052,bug,KNOWN BUG LLVM#UCF
psmisc,psmisc-23.6/src/killall.c,1053,bug,KNOWN BUG LLVM#UCF
psmisc,psmisc-23.6/src/killall.c,1056,bug,KNOWN BUG LLVM#UCF
psmisc,psmisc-23.6/src/killall.c,1061,bug,KNOWN BUG LLVM#UCF
psmisc,psmisc-23.6/src/killall.c,1066,bug,KNOWN BUG LLVM#UCF
psmisc,psmisc-23.6/src/killall.c,1067,bug,KNOWN BUG LLVM#UCF
psmisc,psmisc-23.6/src/pslog.c,89,bug,KNOWN BUG LLVM#UCF
psmisc,psmisc-23.6/src/pslog.c,92,bug,KNOWN BUG LLVM#UCF
psmisc,psmisc-23.6/src/pslog.c,96,bug,KNOWN BUG LLVM#UCF
psmisc,psmisc-23.6/src/pslog.c,101,bug,KNOWN BUG LLVM#UCF
psmisc,psmisc-23.6/src/pslog.c,102,bug,KNOWN BUG LLVM#UCF
psmisc,psmisc-23.6/src/pslog.c,112,bug,KNOWN BUG LLVM#UCF
psmisc,psmisc-23.6/src/pslog.c,113,bug,KNOWN BUG LLVM#UCF
psmisc,psmisc-23.6/src/pslog.c,122,bug,KNOWN BUG LLVM#UCF
psmisc,psmisc-23.6/src/pslog.c,136,bug,KNOWN BUG LLVM#UCF
psmisc,psmisc-23.6/src/pslog.c,137,bug,KNOWN BUG LLVM#UCF
