lsof,lsof-4.95.0/dproc.c,516,conv,
mawk,mawk-1.3.4.20200120/fcall.c,340,conv,
procps,procps-4.0.2/library/diskstats.c,823,conv,
procps,procps-4.0.2/library/diskstats.c,941,conv,
procps,procps-4.0.2/library/diskstats.c,988,conv,
procps,procps-4.0.2/library/meminfo.c,892,conv,
procps,procps-4.0.2/library/meminfo.c,977,conv,
procps,procps-4.0.2/library/pids.c,1617,conv,
procps,procps-4.0.2/library/slabinfo.c,848,conv,
procps,procps-4.0.2/library/slabinfo.c,954,conv,
procps,procps-4.0.2/library/slabinfo.c,1000,conv,
procps,procps-4.0.2/library/stat.c,1202,conv,
procps,procps-4.0.2/library/stat.c,1350,conv,
procps,procps-4.0.2/library/stat.c,1396,conv,
