apache2,apache2-2.4.62/server/mpm_unix.c,901,line_val,4,2
apache2,apache2-2.4.62/server/util_filter.c,138,line_val,228,114
bzip2,bzip2-1.0.8/bzip2.c,1863,line_val,7,10
coreutils,coreutils-9.1/lib/closeout.c,119,line_val,1,3
coreutils,coreutils-9.1/lib/closeout.c,134,line_val,1,3
coreutils,coreutils-9.1/lib/closeout.c,136,line_val,1,3
coreutils,coreutils-9.1/lib/close-stream.c,58,line_val,2,8
coreutils,coreutils-9.1/lib/close-stream.c,59,line_val,2,8
coreutils,coreutils-9.1/lib/close-stream.c,60,line_val,2,8
coreutils,coreutils-9.1/lib/close-stream.c,70,line_val,2,8
coreutils,coreutils-9.1/lib/close-stream.c,77,line_val,2,8
coreutils,coreutils-9.1/lib/fclose.c,100,line_val,2,8
coreutils,coreutils-9.1/lib/fclose.c,105,line_val,2,8
coreutils,coreutils-9.1/lib/fclose.c,111,line_val,2,8
coreutils,coreutils-9.1/lib/fclose.c,60,line_val,2,8
coreutils,coreutils-9.1/lib/fclose.c,62,line_val,2,8
coreutils,coreutils-9.1/lib/fclose.c,65,line_val,2,8
coreutils,coreutils-9.1/lib/fclose.c,66,line_val,2,8
coreutils,coreutils-9.1/lib/fclose.c,72,line_val,2,8
coreutils,coreutils-9.1/lib/fclose.c,73,line_val,2,8
coreutils,coreutils-9.1/lib/fflush.c,148,line_val,2,6
coreutils,coreutils-9.1/lib/fflush.c,149,line_val,2,6
coreutils,coreutils-9.1/lib/progname.c,51,line_val,1,3
coreutils,coreutils-9.1/lib/progname.c,59,line_val,1,3
coreutils,coreutils-9.1/lib/progname.c,60,line_val,1,3
coreutils,coreutils-9.1/lib/progname.c,61,line_val,1,3
coreutils,coreutils-9.1/lib/progname.c,84,line_val,1,3
coreutils,coreutils-9.1/lib/progname.c,90,line_val,1,3
coreutils,coreutils-9.1/lib/progname.c,92,line_val,1,3
coreutils,coreutils-9.1/lib/xmalloc.c,34,line_val,3,268
coreutils,coreutils-9.1/lib/xmalloc.c,36,line_val,3,268
coreutils,coreutils-9.1/lib/xmalloc.c,44,line_val,3,268
coreutils,coreutils-9.1/src/seq.c,425,line_val,11,101
curl,curl-7.88.1/debian/build/src/tool_getparam.c,707,line_val,2,1
curl,curl-7.88.1/debian/build/src/tool_main.c,100,line_val,2,1
curl,curl-7.88.1/debian/build/src/tool_main.c,101,line_val,2,1
curl,curl-7.88.1/debian/build/src/tool_operate.c,1198,line_val,2,1
curl,curl-7.88.1/debian/build/src/tool_operate.c,1754,line_val,2,1
curl,curl-7.88.1/debian/build/src/tool_operate.c,1771,line_val,2,1
curl,curl-7.88.1/debian/build/src/tool_operate.c,2163,line_val,2,1
curl,curl-7.88.1/debian/build/src/tool_operate.c,2687,line_val,2,1
distro-info,distro-info-1.5+deb12u1/debian-distro-info.c,29,line_val,25,22
distro-info,distro-info-1.5+deb12u1/debian-distro-info.c,30,line_val,3,22
distro-info,distro-info-1.5+deb12u1/distro-info-util.c,108,line_val,1536,512
distro-info,distro-info-1.5+deb12u1/distro-info-util.c,173,line_val,270,242
distro-info,distro-info-1.5+deb12u1/distro-info-util.c,174,line_val,264,242
distro-info,distro-info-1.5+deb12u1/distro-info-util.c,175,line_val,22,242
distro-info,distro-info-1.5+deb12u1/distro-info-util.c,180,line_val,220,110
distro-info,distro-info-1.5+deb12u1/distro-info-util.c,185,line_val,82,43
distro-info,distro-info-1.5+deb12u1/distro-info-util.c,186,line_val,79,43
distro-info,distro-info-1.5+deb12u1/distro-info-util.c,187,line_val,36,43
distro-info,distro-info-1.5+deb12u1/distro-info-util.c,191,line_val,185,98
distro-info,distro-info-1.5+deb12u1/distro-info-util.c,192,line_val,87,98
distro-info,distro-info-1.5+deb12u1/distro-info-util.c,203,line_val,36,28
distro-info,distro-info-1.5+deb12u1/distro-info-util.c,204,line_val,8,28
distro-info,distro-info-1.5+deb12u1/distro-info-util.c,284,line_val,3,2
grep,grep-3.8/lib/dfa.c,1965,line_val,12,6
grep,grep-3.8/lib/dfa.c,1966,line_val,12,6
grep,grep-3.8/lib/dfa.c,2006,line_val,8,6
grep,grep-3.8/lib/dfa.c,2007,line_val,12,6
grep,grep-3.8/lib/dfa.c,3792,line_val,10,16
grep,grep-3.8/lib/dfa.c,4322,line_val,2,4
grep,grep-3.8/lib/dfa.c,4323,line_val,2,4
grep,grep-3.8/lib/stackvma.c,268,line_val,6518,6666
grep,grep-3.8/lib/stackvma.c,273,line_val,6518,6666
grep,grep-3.8/lib/stackvma.c,280,line_val,5278,5314
grep,grep-3.8/lib/stackvma.c,281,line_val,5278,5314
grep,grep-3.8/lib/stackvma.c,282,line_val,5278,5314
grep,grep-3.8/lib/stackvma.c,283,line_val,5278,5314
grep,grep-3.8/lib/stackvma.c,293,line_val,1136,1352
grep,grep-3.8/lib/stackvma.c,294,line_val,1240,1352
grep,grep-3.8/lib/stackvma.c,295,line_val,1240,1352
grep,grep-3.8/lib/stackvma.c,303,line_val,1136,1248
grep,grep-3.8/lib/stackvma.c,304,line_val,1136,1248
grep,grep-3.8/lib/stackvma.c,354,line_val,50,52
grep,grep-3.8/lib/stackvma.c,359,line_val,104,52
grep,grep-3.8/lib/stackvma.c,363,line_val,4090,4014
grep,grep-3.8/src/grep.c,1552,line_val,4,2
grep,grep-3.8/src/grep.c,2510,line_val,4,2
grep,grep-3.8/src/grep.c,2987,line_val,4,2
gzip,gzip-1.12/gzip.c,467,line_val,6,16
gzip,gzip-1.12/inflate.c,530,line_val,6,3
gzip,gzip-1.12/inflate.c,913,line_val,6,3
gzip,gzip-1.12/trees.c,724,line_val,35,1778
gzip,gzip-1.12/trees.c,726,line_val,14,21
hostname,hostname-3.23+nmu1/hostname.c,133,line_val,2,1
hostname,hostname-3.23+nmu1/hostname.c,134,line_val,2,1
inetutils,inetutils-2.4/lib/argp-parse.c,234,line_val,3,4
inetutils,inetutils-2.4/lib/argp-parse.c,235,line_val,3,4
inetutils,inetutils-2.4/lib/argp-parse.c,325,line_val,22,25
inetutils,inetutils-2.4/lib/argp-parse.c,331,line_val,8,22
inetutils,inetutils-2.4/lib/argp-parse.c,334,line_val,30,22
inetutils,inetutils-2.4/lib/argp-parse.c,343,line_val,44,22
inetutils,inetutils-2.4/lib/argp-parse.c,926,line_val,1,2
inetutils,inetutils-2.4/lib/getopt.c,214,line_val,1,22
inetutils,inetutils-2.4/lib/xmalloc.c,35,line_val,34,35
inetutils,inetutils-2.4/lib/xmalloc.c,37,line_val,34,35
inetutils,inetutils-2.4/lib/xmalloc.c,45,line_val,34,35
inetutils,inetutils-2.4/telnet/commands.c,1879,line_val,711,750
inetutils,inetutils-2.4/telnet/commands.c,1881,line_val,674,712
inetutils,inetutils-2.4/telnet/commands.c,1884,line_val,37,38
inetutils,inetutils-2.4/telnet/commands.c,1897,line_val,35,36
inetutils,inetutils-2.4/telnet/commands.c,1899,line_val,34,35
inetutils,inetutils-2.4/telnet/commands.c,1900,line_val,34,35
inetutils,inetutils-2.4/telnet/commands.c,1902,line_val,34,35
inetutils,inetutils-2.4/telnet/commands.c,1903,line_val,34,35
inetutils,inetutils-2.4/telnet/commands.c,1904,line_val,34,35
inetutils,inetutils-2.4/telnet/commands.c,1905,line_val,34,35
inetutils,inetutils-2.4/telnet/commands.c,1945,line_val,34,35
inetutils,inetutils-2.4/telnet/commands.c,1946,line_val,34,35
inetutils,inetutils-2.4/telnet/commands.c,1953,line_val,34,35
inetutils,inetutils-2.4/telnet/commands.c,1954,line_val,34,35
inetutils,inetutils-2.4/telnet/commands.c,1955,line_val,34,35
inetutils,inetutils-2.4/telnet/commands.c,1956,line_val,34,35
inetutils,inetutils-2.4/telnet/commands.c,1957,line_val,34,35
inetutils,inetutils-2.4/telnet/commands.c,1958,line_val,33,34
inetutils,inetutils-2.4/telnet/commands.c,1960,line_val,34,35
inetutils,inetutils-2.4/telnet/commands.c,1961,line_val,34,35
inetutils,inetutils-2.4/telnet/commands.c,1962,line_val,34,35
inetutils,inetutils-2.4/telnet/commands.c,1963,line_val,34,35
inetutils,inetutils-2.4/telnet/commands.c,1964,line_val,34,35
inetutils,inetutils-2.4/telnet/sys_bsd.c,131,line_val,17,1
inetutils,inetutils-2.4/telnet/sys_bsd.c,132,line_val,17,1
inetutils,inetutils-2.4/telnet/sys_bsd.c,133,line_val,17,1
inetutils,inetutils-2.4/telnet/telnet.c,1800,line_val,34,35
inetutils,inetutils-2.4/telnet/telnet.c,1801,line_val,33,35
inetutils,inetutils-2.4/telnet/telnet.c,1802,line_val,33,35
inetutils,inetutils-2.4/telnet/telnet.c,1803,line_val,33,35
inetutils,inetutils-2.4/telnet/telnet.c,1804,line_val,33,35
inetutils,inetutils-2.4/telnet/telnet.c,1806,line_val,33,34
iproute2,iproute2-6.1.0/ip/ipaddress.c,1733,line_val,4,12
iproute2,iproute2-6.1.0/ip/ipaddress.c,1937,line_val,1,3
iproute2,iproute2-6.1.0/lib/libnetlink.c,872,line_val,4,6
iproute2,iproute2-6.1.0/lib/utils.c,970,line_val,5,3
less,less-590/charset.c,166,line_val,5,1
less,less-590/main.c,145,line_val,1,2
less,less-590/option.c,111,line_val,1,2
lsof,lsof-4.95.0/main.c,1887,line_val,1,2
lsof,lsof-4.95.0/main.c,1888,line_val,1,2
lz4,lz4-1.9.4/lib/lz4.c,1019,line_val,574,581
lz4,lz4-1.9.4/lib/lz4.c,778,line_val,574,588
lz4,lz4-1.9.4/lib/lz4.c,779,line_val,1176,588
lz4,lz4-1.9.4/lib/lz4.c,985,line_val,14,7
lz4,lz4-1.9.4/lib/lz4frame.c,1001,line_val,14,7
lz4,lz4-1.9.4/lib/lz4frame.c,1623,line_val,6,3
lz4,lz4-1.9.4/lib/lz4frame.c,2026,line_val,3,12
lz4,lz4-1.9.4/lib/lz4frame.c,834,line_val,14,7
lz4,lz4-1.9.4/lib/xxhash.c,236,line_val,60,270
lz4,lz4-1.9.4/lib/xxhash.c,332,line_val,20,10
lz4,lz4-1.9.4/lib/xxhash.c,334,line_val,20,10
lz4,lz4-1.9.4/lib/xxhash.c,336,line_val,20,10
lz4,lz4-1.9.4/programs/lz4cli.c,365,line_val,6,3
lz4,lz4-1.9.4/programs/lz4io.c,1288,line_val,3,6
lzma,lzma-9.22/C/LzFind.c,73,line_val,7,14
lzma,lzma-9.22/C/LzmaDec.c,167,line_val,18,9
lzma,lzma-9.22/C/LzmaDec.c,290,line_val,9,3
lzma,lzma-9.22/C/LzmaDec.c,411,line_val,15,18
lzma,lzma-9.22/C/LzmaDec.c,513,line_val,18,9
lzma,lzma-9.22/C/LzmaDec.c,523,line_val,6,3
lzma,lzma-9.22/C/LzmaDec.c,627,line_val,9,6
lzma,lzma-9.22/C/LzmaDec.c,628,line_val,3,6
lzma,lzma-9.22/C/LzmaDec.c,637,line_val,18,3
lzma,lzma-9.22/C/LzmaEnc.c,1021,line_val,14,7
lzma,lzma-9.22/C/LzmaEnc.c,1774,line_val,21,28
lzma,lzma-9.22/C/LzmaEnc.c,867,line_val,14,7
lzma,lzma-9.22/CPP/7zip/Bundles/LzmaCon/lzmp.cpp,657,line_val,20,10
lzma,lzma-9.22/CPP/7zip/Bundles/LzmaCon/lzmp.cpp,790,line_val,20,10
lzma,lzma-9.22/CPP/7zip/Common/FileStreams.h,124,line_val,20,10
lzma,lzma-9.22/CPP/7zip/Common/FileStreams.h,71,line_val,20,10
lzma,lzma-9.22/CPP/7zip/Compress/LzmaDecoder.cpp,101,line_val,9,6
lzma,lzma-9.22/CPP/7zip/Compress/LzmaDecoder.cpp,27,line_val,6,3
lzo2,lzo2-2.10/src/lzo1x_c.ch,176,line_val,6,3
lzo2,lzo2-2.10/src/lzo1x_c.ch,180,line_val,32750,16375
lzo2,lzo2-2.10/src/lzo1x_c.ch,183,line_val,16372,16375
lzo2,lzo2-2.10/src/lzo1x_d.ch,166,line_val,3,4
lzo2,lzo2-2.10/src/lzo1x_d.ch,98,line_val,3,4
lzo2,lzo2-2.10/src/lzo_init.c,221,line_val,3,1
man-db,man-db-2.11.2/src/man.c,562,line_val,2,1
man-db,man-db-2.11.2/src/manp.c,147,line_val,166,256
man-db,man-db-2.11.2/src/manp.c,148,line_val,80,256
mawk,mawk-1.3.4.20200120/bi_funct.c,814,line_val,2,1
mawk,mawk-1.3.4.20200120/bi_funct.c,816,line_val,2,1
mawk,mawk-1.3.4.20200120/parse.c,3296,line_val,10,15
mawk,mawk-1.3.4.20200120/parse.c,3297,line_val,5,15
mawk,mawk-1.3.4.20200120/parse.c,3298,line_val,20,15
procps,procps-4.0.2/src/ps/display.c,639,line_val,33,22
sl,sl-5.02/sl.c,112,line_val,163,164
traceroute,traceroute-2.1.2/libsupp/clif.c,311,line_val,27,28
traceroute,traceroute-2.1.2/libsupp/clif.c,401,line_val,2,1
wget,wget-1.21.3/src/main.c,1216,line_val,46,49
wget,wget-1.21.3/src/main.c,1221,line_val,43,46
wget,wget-1.21.3/src/main.c,1223,line_val,10,12
wget,wget-1.21.3/src/main.c,1228,line_val,10,12
wget,wget-1.21.3/src/main.c,1230,line_val,43,46
wget,wget-1.21.3/src/main.c,1235,line_val,43,46
wget,wget-1.21.3/src/main.c,1236,line_val,43,46
xz-utils,xz-utils-5.4.1/src/xz/coder.c,181,line_val,14,7
xz-utils,xz-utils-5.4.1/src/xz/coder.c,641,line_val,6,3
xz-utils,xz-utils-5.4.1/src/xz/main.c,258,line_val,3,7
